date,close,volume,open,high,low,symbol
2021-08-17,518.91,2309803,515.465,520.79,514.2,NFLX
2021-08-16,517.92,2033176,515.24,523.38,512.3,NFLX
2021-08-13,515.92,2177736,512.64,521.44,511.51,NFLX
2021-08-12,510.72,1686170,511.86,513.0,507.2014,NFLX
2021-08-11,512.4,1673904,517.0,519.57,509.77,NFLX
2021-08-10,515.84,1960544,520.0,520.79,512.965,NFLX
2021-08-09,519.97,1367782,521.1469,522.6699,517.99,NFLX
2021-08-06,520.55,1919798,524.0,526.84,519.39,NFLX
2021-08-05,524.89,2556687,517.13,525.41,514.02,NFLX
2021-08-04,517.35,2039374,513.0,517.98,510.37,NFLX
2021-08-03,510.82,2579427,514.39,515.63,505.37,NFLX
2021-08-02,515.15,2096632,519.0,519.85,510.51,NFLX
2021-07-30,517.57,2537107,512.69,519.79,510.9642,NFLX
2021-07-29,514.25,1736014,519.96,520.7799,513.7927,NFLX
2021-07-28,519.3,2390466,521.82,524.47,516.98,NFLX
2021-07-27,518.91,2759037,518.08,521.95,512.05,NFLX
2021-07-26,516.49,2254538,514.38,521.13,509.0101,NFLX
2021-07-23,515.41,3820478,512.16,517.41,504.66,NFLX
2021-07-22,511.77,4328061,510.206,513.68,507.0,NFLX
2021-07-21,513.63,11906790,526.13,530.99,505.61,NFLX
2021-07-20,531.05,6930440,526.07,536.64,520.3,NFLX
2021-07-19,532.28,3885764,526.05,534.913,522.2401,NFLX
2021-07-16,530.31,3442101,541.81,544.06,527.05,NFLX
2021-07-15,542.95,5713873,553.97,557.5399,538.2,NFLX
2021-07-14,547.95,4659535,541.01,554.1,541.01,NFLX
2021-07-13,540.68,2751593,535.76,545.33,535.76,NFLX
2021-07-12,537.31,1780738,540.3,540.6497,532.92,NFLX
2021-07-09,535.98,2777231,531.0,538.26,528.58,NFLX
2021-07-08,530.76,3268988,530.93,535.5,529.09,NFLX
2021-07-07,535.96,2722498,544.24,544.64,531.66,NFLX
2021-07-06,541.64,2775051,533.0,542.86,533.0,NFLX
2021-07-02,533.98,1980316,535.5,538.5351,529.39,NFLX
2021-07-01,533.54,2805402,525.72,537.04,525.72,NFLX
2021-06-30,528.21,2773445,534.055,534.38,526.82,NFLX
2021-06-29,533.5,2314647,533.55,536.13,528.57,NFLX
2021-06-28,533.03,2820227,528.12,533.9399,524.56,NFLX
2021-06-25,527.07,5299072,528.84,533.06,525.0,NFLX
2021-06-24,518.06,3361202,517.96,520.96,514.4001,NFLX
2021-06-23,512.74,3944782,508.48,516.63,508.2,NFLX
2021-06-22,508.82,5809271,498.54,513.55,495.795,NFLX
2021-06-21,497.0,5277297,501.64,502.05,492.28,NFLX
2021-06-18,500.77,5197576,496.4,504.49,495.24,NFLX
2021-06-17,498.34,3198273,490.25,501.8,490.15,NFLX
2021-06-16,492.41,3533206,495.0,496.46,486.28,NFLX
2021-06-15,491.9,3104073,501.23,501.23,490.4,NFLX
2021-06-14,499.89,4400222,489.68,503.5,486.91,NFLX
2021-06-11,488.77,3123969,490.0,491.41,487.78,NFLX
2021-06-10,487.27,4382928,487.165,490.21,482.14,NFLX
2021-06-09,485.81,3055029,494.5,496.09,484.65,NFLX
2021-06-08,492.39,2374037,497.0,498.82,489.37,NFLX
2021-06-07,494.66,2791932,492.917,496.7,490.55,NFLX
2021-06-04,494.74,3160487,492.0,501.86,490.95,NFLX
2021-06-03,489.43,3887445,495.19,496.66,487.25,NFLX
2021-06-02,499.24,2268979,499.82,503.22,495.82,NFLX
2021-06-01,499.08,2482555,504.01,505.41,497.7443,NFLX
2021-05-28,502.81,2911297,504.4,511.76,502.53,NFLX
2021-05-27,503.86,3253773,501.8,505.1,498.54,NFLX
2021-05-26,502.36,2465303,502.34,504.14,500.5,NFLX
2021-05-25,501.34,2699459,506.0,506.365,499.22,NFLX
2021-05-24,502.9,2412595,501.05,504.25,499.51,NFLX
2021-05-21,497.89,3322925,503.12,505.4,497.26,NFLX
2021-05-20,501.67,3721218,489.55,502.7,488.975,NFLX
2021-05-19,487.7,3349930,481.625,488.57,478.54,NFLX
2021-05-18,486.28,2350496,488.395,493.4778,486.1895,NFLX
2021-05-17,488.94,2701057,485.59,492.71,482.81,NFLX
2021-05-14,493.37,2882464,487.86,494.85,486.59,NFLX
2021-05-13,486.66,2716561,489.13,490.775,482.71,NFLX
2021-05-12,484.98,4121540,486.83,493.54,482.7,NFLX
2021-05-11,495.08,4401000,479.75,497.99,478.63,NFLX
2021-05-10,486.69,5131632,502.0,503.15,486.11,NFLX
2021-05-07,503.84,3132786,504.62,508.55,501.12,NFLX
2021-05-06,499.55,3783698,495.99,499.55,491.37,NFLX
2021-05-05,496.08,3129366,504.99,507.7843,494.63,NFLX
2021-05-04,503.18,4349502,510.78,511.63,496.79,NFLX
2021-05-03,509.11,4091895,512.65,518.95,505.2,NFLX
2021-04-30,513.47,4413242,505.0,514.55,505.0,NFLX
2021-04-29,509.0,5127792,507.6,509.29,499.0,NFLX
2021-04-28,506.52,3192983,505.2,508.395,503.34,NFLX
2021-04-27,505.55,3761327,512.62,512.99,504.5808,NFLX
2021-04-26,510.3,4388839,506.76,510.48,503.0,NFLX
2021-04-23,505.55,7314659,509.01,509.7,500.7,NFLX
2021-04-22,508.78,9061062,513.82,513.96,500.55,NFLX
2021-04-21,508.9,22897450,508.0,515.46,503.6001,NFLX
2021-04-20,549.57,11257650,554.42,563.56,546.3,NFLX
2021-04-19,554.44,4288715,546.9,556.44,545.53,NFLX
2021-04-16,546.54,3209075,550.54,551.98,539.51,NFLX
2021-04-15,549.22,3139050,544.17,553.49,542.66,NFLX
2021-04-14,540.02,3740294,554.87,554.87,538.53,NFLX
2021-04-13,553.73,2720344,557.0,559.75,550.3,NFLX
2021-04-12,552.78,2944060,551.05,557.98,549.58,NFLX
2021-04-09,555.31,2894034,552.69,556.9,547.11,NFLX
2021-04-08,554.58,4309829,551.13,556.899,547.57,NFLX
2021-04-07,546.99,2151319,543.5,549.64,541.45,NFLX
2021-04-06,544.53,3474205,544.81,554.165,543.3,NFLX
2021-04-05,540.67,3355904,540.01,542.85,529.23,NFLX
2021-04-01,539.42,3938637,529.93,540.5,527.03,NFLX
2021-03-31,521.66,3503111,515.675,528.13,515.44,NFLX
2021-03-30,513.39,2418129,510.505,514.41,506.91,NFLX
2021-03-29,513.95,3330049,505.66,518.0,504.4,NFLX
2021-03-26,508.05,3467797,502.82,508.72,496.68,NFLX
2021-03-25,502.86,4926764,516.99,518.53,497.0,NFLX
2021-03-24,520.81,4102211,533.78,534.42,520.0,NFLX
2021-03-23,535.09,5583461,529.87,543.12,529.4,NFLX
2021-03-22,523.11,3360587,509.13,529.31,509.13,NFLX
2021-03-19,512.18,4386360,504.96,513.19,501.63,NFLX
2021-03-18,504.79,4096606,516.396,517.9,503.85,NFLX
2021-03-17,524.44,2817376,522.0,528.3654,514.3,NFLX
2021-03-16,524.03,3238888,524.47,533.42,523.21,NFLX
2021-03-15,520.25,3485519,516.32,520.729,508.03,NFLX
2021-03-12,518.02,3981743,512.5,526.51,506.59,NFLX
2021-03-11,523.06,4714469,512.205,530.235,510.71,NFLX
2021-03-10,504.54,3771484,513.5,518.97,504.25,NFLX
2021-03-09,506.44,3470042,507.31,513.11,503.8221,NFLX
2021-03-08,493.33,3981758,514.46,518.84,492.85,NFLX
2021-03-05,516.39,5069973,511.98,517.76,498.7901,NFLX
2021-03-04,511.29,5034792,521.5,531.5,507.68,NFLX
2021-03-03,520.7,5362443,545.93,548.005,517.81,NFLX
2021-03-02,547.82,3042226,553.34,556.99,546.02,NFLX
2021-03-01,550.64,3042180,545.573,552.14,542.0,NFLX
2021-02-26,538.85,3755574,546.51,553.09,538.0,NFLX
2021-02-25,546.7,4252879,550.27,556.48,535.75,NFLX
2021-02-24,553.41,3245038,539.8,556.8499,539.065,NFLX
2021-02-23,546.15,4136532,525.004,548.54,518.28,NFLX
2021-02-22,533.78,3078594,534.99,541.79,530.79,NFLX
2021-02-19,540.22,2841457,548.0,548.99,538.8132,NFLX
2021-02-18,548.22,2457604,549.0,550.0,538.2265,NFLX
2021-02-17,551.34,2071590,550.99,555.25,543.03,NFLX
2021-02-16,557.28,2624097,557.286,563.63,552.73,NFLX
2021-02-12,556.52,2197128,556.94,561.2499,550.85,NFLX
2021-02-11,557.59,2730587,564.442,565.93,554.22,NFLX
2021-02-10,563.59,3991264,562.5,566.65,553.463,NFLX
2021-02-09,559.07,3703499,546.0,566.0,543.0,NFLX
2021-02-08,547.92,2791721,555.0,555.0,543.7,NFLX
2021-02-05,550.79,2376175,552.26,554.44,545.4778,NFLX
2021-02-04,552.16,5164537,539.81,559.48,537.51,NFLX
2021-02-03,539.45,3172288,550.17,550.48,538.243,NFLX
2021-02-02,548.16,3767569,542.01,555.48,538.935,NFLX
2021-02-01,539.04,3547507,536.79,545.06,531.73,NFLX
2021-01-29,532.39,4325264,538.0,541.0,530.18,NFLX
2021-01-28,538.6,5968978,535.88,553.1482,530.74,NFLX
2021-01-27,523.28,8670277,550.71,556.4187,515.73,NFLX
2021-01-26,561.93,5023847,554.73,567.99,554.06,NFLX
2021-01-25,556.78,7207329,567.0,569.75,548.65,NFLX
2021-01-22,565.17,7550822,582.1,583.99,564.35,NFLX
2021-01-21,579.84,11840630,582.45,588.75,570.4,NFLX
2021-01-20,586.34,32637450,565.42,593.2877,556.86,NFLX
2021-01-19,501.77,12315810,501.0,509.25,493.5427,NFLX
2021-01-15,497.98,5895788,500.0,506.32,495.1,NFLX
2021-01-14,500.86,4177357,507.35,514.5,499.58,NFLX
2021-01-13,507.79,5032099,495.5012,512.3542,493.01,NFLX
2021-01-12,494.25,5990425,500.0,501.09,485.6701,NFLX
2021-01-11,499.1,3812720,507.84,510.725,497.95,NFLX
2021-01-08,510.4,2973949,511.31,513.24,504.51,NFLX
2021-01-07,508.89,3686448,508.28,516.44,506.42,NFLX
2021-01-06,500.49,5346210,511.97,513.0998,499.5,NFLX
2021-01-05,520.8,3133872,521.55,526.78,515.89,NFLX
2021-01-04,522.86,4444407,539.0,540.8,515.085,NFLX
2020-12-31,540.73,5392322,525.53,545.5,523.1502,NFLX
2020-12-30,524.59,1876286,530.13,533.2575,523.69,NFLX
2020-12-29,530.87,4022358,519.9,536.5478,515.4801,NFLX
2020-12-28,519.12,2891867,516.43,523.66,507.13,NFLX
2020-12-24,513.97,1143952,515.12,519.345,512.2104,NFLX
2020-12-23,514.48,2393187,524.76,526.32,514.2,NFLX
2020-12-22,527.33,1908529,527.69,530.4,520.5,NFLX
2020-12-21,528.91,3893964,530.05,532.62,521.15,NFLX
2020-12-18,534.45,4502692,533.2,536.37,526.02,NFLX
2020-12-17,532.9,3193377,529.0,535.49,526.44,NFLX
2020-12-16,524.83,3682392,520.11,527.38,517.69,NFLX
2020-12-15,519.78,3398209,518.5,524.7,513.56,NFLX
2020-12-14,522.42,5770424,505.44,524.1603,501.18,NFLX
2020-12-11,503.22,3210928,495.0,503.34,494.85,NFLX
2020-12-10,501.09,3018203,494.56,503.77,492.91,NFLX
2020-12-09,493.6,4178768,510.53,514.5,491.29,NFLX
2020-12-08,512.66,4228950,517.9,521.4909,505.55,NFLX
2020-12-07,515.78,4289293,500.01,517.76,497.77,NFLX
2020-12-04,498.31,3666243,497.5,504.5,493.64,NFLX
2020-12-03,497.52,2826116,502.99,508.77,496.04,NFLX
2020-12-02,503.38,3028358,501.62,506.795,493.5,NFLX
2020-12-01,504.58,5063234,492.3404,509.47,491.9812,NFLX
2020-11-30,490.7,3530940,490.08,492.55,481.2678,NFLX
2020-11-27,491.36,2805762,486.58,493.25,481.845,NFLX
2020-11-25,485.0,3598629,485.13,486.9,478.919,NFLX
2020-11-24,482.88,3557894,478.84,484.05,475.89,NFLX
2020-11-23,476.62,5416571,490.46,491.15,475.84,NFLX
2020-11-20,488.24,4255924,485.22,494.76,481.57,NFLX
2020-11-19,484.67,2254653,482.0,487.8,480.47,NFLX
2020-11-18,481.79,3629237,481.95,488.61,477.7212,NFLX
2020-11-17,480.63,3698082,480.12,487.51,478.8525,NFLX
2020-11-16,479.1,3953563,480.0,485.58,477.3,NFLX
2020-11-13,482.84,3006510,486.77,488.94,477.8,NFLX
2020-11-12,486.77,5071155,491.0,496.52,480.4255,NFLX
2020-11-11,490.76,5460532,483.0,491.68,478.26,NFLX
2020-11-10,480.24,8306142,470.95,484.6,463.41,NFLX
2020-11-09,470.5,10419680,485.54,495.85,467.26,NFLX
2020-11-06,514.73,4236349,515.0,515.21,502.51,NFLX
2020-11-05,513.76,5372781,506.56,518.7337,503.45,NFLX
2020-11-04,496.95,5137330,495.36,507.73,493.98,NFLX
2020-11-03,487.22,3690213,484.93,495.305,478.76,NFLX
2020-11-02,484.12,4408193,478.87,486.3,475.0,NFLX
2020-10-30,475.74,7813897,502.01,505.88,472.21,NFLX
2020-10-29,504.21,11120690,488.5,513.8999,479.34,NFLX
2020-10-28,486.24,5992731,486.36,494.0,483.28,NFLX
2020-10-27,488.93,3627175,490.01,490.49,482.93,NFLX
2020-10-26,488.24,6186087,487.025,496.82,478.9,NFLX
2020-10-23,488.28,4927862,488.11,490.06,481.35,NFLX
2020-10-22,485.23,6997922,494.69,495.14,482.0,NFLX
2020-10-21,489.05,17405710,501.03,506.85,488.25,NFLX
2020-10-20,525.42,10047180,528.14,533.78,522.26,NFLX
2020-10-19,530.72,7567506,537.07,541.8,525.38,NFLX
2020-10-16,530.79,6347363,549.5,554.33,530.03,NFLX
2020-10-15,541.94,5113126,545.52,551.22,535.1,NFLX
2020-10-14,541.45,9510081,562.61,572.49,541.0,NFLX
2020-10-13,554.09,5602498,540.56,557.65,537.2,NFLX
2020-10-12,539.81,5391074,548.81,551.81,538.24,NFLX
2020-10-09,539.44,4781259,537.834,544.28,535.0,NFLX
2020-10-08,531.79,5386488,533.48,535.0,524.15,NFLX
2020-10-07,534.66,7988683,518.0,536.49,515.815,NFLX
2020-10-06,505.87,4199034,518.72,521.82,504.16,NFLX
2020-10-05,520.65,4088069,506.8,520.99,501.6997,NFLX
2020-10-02,503.06,6071165,516.43,526.3714,502.7,NFLX
2020-10-01,527.51,8153710,506.03,529.55,503.6,NFLX
2020-09-30,500.03,4634111,492.57,504.63,489.2704,NFLX
2020-09-29,493.48,3543193,489.5,496.2868,486.53,NFLX
2020-09-28,490.65,4773497,489.109,492.0,477.88,NFLX
2020-09-25,482.88,3769436,474.39,484.87,468.0258,NFLX
2020-09-24,473.08,3727201,470.53,477.0,467.82,NFLX
2020-09-23,470.61,3726423,491.04,491.04,469.0,NFLX
2020-09-22,491.17,3482324,489.01,491.82,479.26,NFLX
2020-09-21,487.35,5457539,467.692,487.775,466.32,NFLX
2020-09-18,469.96,6717711,472.51,479.4,458.6,NFLX
2020-09-17,470.2,5379301,475.16,478.4,463.27,NFLX
2020-09-16,483.86,4401412,499.99,504.66,483.31,NFLX
2020-09-15,495.99,5336992,484.0,497.47,481.63,NFLX
2020-09-14,476.26,7359126,480.62,488.99,471.3001,NFLX
2020-09-11,482.03,5035200,486.485,493.73,476.81,NFLX
2020-09-10,480.67,6240181,503.35,506.29,478.84,NFLX
2020-09-09,500.19,6848127,519.21,520.0,492.5743,NFLX
2020-09-08,507.02,5572684,498.4,522.0,495.0,NFLX
2020-09-04,516.05,8270118,520.18,527.36,485.98,NFLX
2020-09-03,525.75,9071089,545.0,554.0,521.32,NFLX
2020-09-02,552.84,5886930,553.78,556.5,537.369,NFLX
2020-09-01,556.55,9581907,532.6,557.3895,532.45,NFLX
2020-08-31,529.56,4941409,521.16,531.99,517.58,NFLX
2020-08-28,523.89,4417517,532.0,539.0,522.0,NFLX
2020-08-27,526.27,9062912,537.775,541.0,521.2471,NFLX
2020-08-26,547.53,20373680,492.5,549.04,492.075,NFLX
2020-08-25,490.58,5727721,488.19,492.47,485.09,NFLX
2020-08-24,488.81,4762183,495.438,501.0,483.16,NFLX
2020-08-21,492.31,3921293,496.46,498.13,490.0,NFLX
2020-08-20,497.9,5132480,484.69,498.94,483.89,NFLX
2020-08-19,484.53,3156218,493.93,494.4985,483.5,NFLX
2020-08-18,491.87,3505518,484.35,495.3,482.8,NFLX
2021-08-17,3241.96,3387922,3277.5,3280.49,3225.68,AMZN
2021-08-16,3298.99,3328494,3283.0,3300.0,3211.13,AMZN
2021-08-13,3293.97,2056699,3305.67,3306.065,3283.0,AMZN
2021-08-12,3303.5,2323823,3290.0,3314.51,3269.67,AMZN
2021-08-11,3292.11,2947249,3331.447,3337.7,3277.79,AMZN
2021-08-10,3320.68,2412551,3345.01,3358.0,3315.0,AMZN
2021-08-09,3341.87,2148220,3343.61,3354.88,3328.52,AMZN
2021-08-06,3344.94,2637644,3375.0,3375.0,3329.0373,AMZN
2021-08-05,3375.99,2433503,3356.22,3389.0,3340.92,AMZN
2021-08-04,3354.72,2183945,3379.35,3388.88,3345.56,AMZN
2021-08-03,3366.24,4157343,3340.72,3391.0,3299.77,AMZN
2021-08-02,3331.48,3353915,3353.1,3358.92,3317.0,AMZN
2021-07-30,3327.59,9965593,3347.95,3368.14,3306.98,AMZN
2021-07-29,3599.92,5519952,3627.75,3637.95,3580.01,AMZN
2021-07-28,3630.32,2999378,3633.78,3658.4204,3601.0,AMZN
2021-07-27,3626.39,4131890,3698.5,3698.5,3586.15,AMZN
2021-07-26,3699.82,2900068,3673.17,3712.08,3647.25,AMZN
2021-07-23,3656.64,2436292,3640.0,3666.11,3622.04,AMZN
2021-07-22,3638.03,3265352,3587.23,3640.02,3582.27,AMZN
2021-07-21,3585.2,2318989,3576.375,3586.45,3543.6415,AMZN
2021-07-20,3573.19,3255680,3567.32,3592.0,3518.0,AMZN
2021-07-19,3549.59,3784595,3532.58,3550.21,3499.16,AMZN
2021-07-16,3573.63,4043706,3633.31,3646.0599,3570.455,AMZN
2021-07-15,3631.2,3185292,3694.2,3695.4,3620.92,AMZN
2021-07-14,3681.68,3296568,3708.85,3717.66,3660.8266,AMZN
2021-07-13,3677.36,3845917,3702.1,3773.0782,3671.32,AMZN
2021-07-12,3718.55,2571635,3744.0,3757.2899,3696.7929,AMZN
2021-07-09,3719.34,3748237,3722.52,3748.0,3693.3968,AMZN
2021-07-08,3731.41,5180623,3643.56,3759.9855,3621.12,AMZN
2021-07-07,3696.58,5328062,3717.377,3734.2,3678.91,AMZN
2021-07-06,3675.74,6744768,3530.11,3685.48,3529.0,AMZN
2021-07-02,3510.98,3176697,3451.64,3511.72,3436.92,AMZN
2021-07-01,3432.97,2037053,3434.61,3457.0,3409.4206,AMZN
2021-06-30,3440.16,2403992,3441.06,3471.6019,3435.0,AMZN
2021-06-29,3448.14,2098439,3438.82,3456.03,3423.03,AMZN
2021-06-28,3443.89,2242793,3416.0,3448.0,3413.5098,AMZN
2021-06-25,3401.46,3940997,3464.0,3464.82,3394.18,AMZN
2021-06-24,3449.08,3831999,3507.64,3524.8599,3430.85,AMZN
2021-06-23,3503.82,2813341,3505.0,3521.0,3483.2,AMZN
2021-06-22,3505.44,3345082,3458.06,3523.78,3456.09,AMZN
2021-06-21,3453.96,3277130,3476.42,3482.0,3434.0,AMZN
2021-06-18,3486.9,5247737,3479.99,3507.0,3473.71,AMZN
2021-06-17,3489.24,5136531,3403.18,3497.2,3401.0,AMZN
2021-06-16,3415.25,4202782,3392.0,3426.35,3360.53,AMZN
2021-06-15,3383.13,2426200,3384.0,3396.9866,3363.1101,AMZN
2021-06-14,3383.87,2569655,3346.83,3385.0,3335.5,AMZN
2021-06-11,3346.83,2817352,3349.65,3366.58,3333.45,AMZN
2021-06-10,3349.65,3476480,3282.01,3351.0,3281.15,AMZN
2021-06-09,3281.15,2455530,3272.87,3297.58,3270.7,AMZN
2021-06-08,3264.11,3416730,3222.61,3279.5321,3218.01,AMZN
2021-06-07,3198.01,2215756,3197.33,3208.0,3172.2,AMZN
2021-06-04,3206.22,2249749,3212.0,3221.0,3198.81,AMZN
2021-06-03,3187.01,2398293,3204.23,3214.435,3184.03,AMZN
2021-06-02,3233.99,2014524,3223.1,3235.0,3208.0,AMZN
2021-06-01,3218.65,2430045,3243.495,3250.98,3209.06,AMZN
2021-05-28,3223.07,2331509,3242.0,3247.99,3219.7,AMZN
2021-05-27,3230.11,2561157,3256.0,3260.355,3230.04,AMZN
2021-05-26,3265.16,2383986,3274.591,3295.73,3258.51,AMZN
2021-05-25,3259.05,3261109,3266.67,3279.82,3213.76,AMZN
2021-05-24,3244.99,2422813,3215.5,3257.95,3210.4993,AMZN
2021-05-21,3203.08,4104882,3250.0,3256.6946,3197.01,AMZN
2021-05-20,3247.68,2633192,3244.4042,3259.6799,3236.18,AMZN
2021-05-19,3231.8,2679708,3195.0,3234.75,3184.0,AMZN
2021-05-18,3232.28,2828391,3292.575,3312.0,3230.37,AMZN
2021-05-17,3270.39,3685599,3245.93,3292.75,3234.59,AMZN
2021-05-14,3222.9,3325022,3185.56,3228.86,3183.0,AMZN
2021-05-13,3161.47,3356877,3185.47,3203.84,3133.0,AMZN
2021-05-12,3151.94,4936410,3185.0,3207.94,3133.1,AMZN
2021-05-11,3223.91,4619781,3136.28,3238.0,3127.37,AMZN
2021-05-10,3190.49,5838603,3282.32,3283.0,3190.0,AMZN
2021-05-07,3291.61,4710276,3319.09,3330.89,3289.0704,AMZN
2021-05-06,3306.37,4447696,3270.0,3314.4,3247.2,AMZN
2021-05-05,3270.54,3711308,3338.855,3354.695,3264.36,AMZN
2021-05-04,3311.87,5439449,3356.19,3367.975,3272.13,AMZN
2021-05-03,3386.49,5875530,3484.73,3486.645,3372.7012,AMZN
2021-04-30,3467.42,7009346,3525.12,3554.0,3462.5,AMZN
2021-04-29,3471.31,7682381,3505.098,3514.445,3435.0,AMZN
2021-04-28,3458.5,4631884,3434.8,3489.88,3425.0,AMZN
2021-04-27,3417.43,3827140,3443.47,3460.0,3398.01,AMZN
2021-04-26,3409.0,4880708,3348.0,3428.45,3330.94,AMZN
2021-04-23,3340.88,3196652,3319.1,3375.0,3308.5,AMZN
2021-04-22,3309.04,2580590,3371.68,3372.87,3301.45,AMZN
2021-04-21,3362.02,2211166,3316.0,3362.86,3303.8061,AMZN
2021-04-20,3334.69,2623032,3373.6,3382.99,3316.0,AMZN
2021-04-19,3372.01,2725405,3390.33,3435.9333,3360.16,AMZN
2021-04-16,3399.44,3186049,3380.0,3406.8,3355.59,AMZN
2021-04-15,3379.09,3233580,3371.0,3396.9999,3352.0,AMZN
2021-04-14,3333.0,3145204,3404.04,3404.13,3326.0,AMZN
2021-04-13,3400.0,3315837,3400.845,3432.0,3395.63,AMZN
2021-04-12,3379.39,3281798,3355.21,3395.04,3351.15,AMZN
2021-04-09,3372.2,4341473,3304.7,3372.2,3288.9,AMZN
2021-04-08,3299.3,2812090,3310.9,3324.5,3292.0,AMZN
2021-04-07,3279.39,3346227,3233.8,3303.6125,3223.65,AMZN
2021-04-06,3223.82,2537809,3223.75,3247.31,3217.04,AMZN
2021-04-05,3226.73,3334882,3173.0,3235.955,3161.24,AMZN
2021-04-01,3161.0,2940318,3117.94,3162.44,3115.55,AMZN
2021-03-31,3094.08,3093896,3064.06,3119.33,3062.5,AMZN
2021-03-30,3055.29,2337603,3070.01,3073.0,3034.0,AMZN
2021-03-29,3075.73,2745968,3055.439,3091.25,3028.445,AMZN
2021-03-26,3052.03,3312924,3044.06,3056.66,2996.0,AMZN
2021-03-25,3046.26,3563469,3072.99,3109.78,3037.14,AMZN
2021-03-24,3087.07,2958981,3151.04,3160.31,3085.15,AMZN
2021-03-23,3137.5,3817263,3127.0,3182.0,3120.8501,AMZN
2021-03-22,3110.87,2902179,3067.85,3126.58,3060.05,AMZN
2021-03-19,3074.96,4625354,3029.23,3077.285,3016.63,AMZN
2021-03-18,3027.99,3657027,3101.0,3116.63,3025.0,AMZN
2021-03-17,3135.73,3118584,3073.22,3173.05,3070.22,AMZN
2021-03-16,3091.86,2538764,3104.97,3128.91,3075.8601,AMZN
2021-03-15,3081.68,2918592,3074.57,3082.24,3032.09,AMZN
2021-03-12,3089.49,2421888,3075.0,3098.98,3045.5,AMZN
2021-03-11,3113.59,2776391,3104.01,3131.7843,3082.93,AMZN
2021-03-10,3057.64,3012489,3098.45,3116.46,3030.05,AMZN
2021-03-09,3062.85,4030032,3017.99,3090.96,3005.1474,AMZN
2021-03-08,2951.95,4185008,3015.0,3064.59,2951.31,AMZN
2021-03-05,3000.46,5388551,3005.0,3009.0,2881.0001,AMZN
2021-03-04,2977.57,5481578,3012.0,3058.13,2945.43,AMZN
2021-03-03,3005.0,3988725,3081.18,3107.775,2995.0,AMZN
2021-03-02,3094.53,2595762,3143.47,3163.52,3087.1201,AMZN
2021-03-01,3146.14,2733963,3127.89,3149.56,3097.99,AMZN
2021-02-26,3092.93,4275930,3095.2,3122.44,3036.7,AMZN
2021-02-25,3057.16,4533801,3136.74,3178.26,3047.76,AMZN
2021-02-24,3159.53,3011275,3166.75,3171.23,3125.38,AMZN
2021-02-23,3194.5,4677222,3127.03,3204.73,3093.6,AMZN
2021-02-22,3180.74,3515679,3208.13,3232.3199,3172.26,AMZN
2021-02-19,3249.9,4305184,3328.23,3333.5,3245.75,AMZN
2021-02-18,3328.23,3033607,3282.42,3338.0,3273.94,AMZN
2021-02-17,3308.64,3302099,3263.6,3320.91,3259.4996,AMZN
2021-02-16,3268.95,2574721,3254.05,3308.3,3253.591,AMZN
2021-02-12,3277.71,2335339,3250.0,3280.25,3233.31,AMZN
2021-02-11,3262.13,2301417,3292.0,3292.0,3248.06,AMZN
2021-02-10,3286.58,3151550,3314.0,3317.9548,3254.0,AMZN
2021-02-09,3305.0,2203526,3312.49,3338.0,3297.84,AMZN
2021-02-08,3322.94,3257391,3358.5,3364.9999,3304.0,AMZN
2021-02-05,3352.15,3620808,3319.0,3377.0,3302.71,AMZN
2021-02-04,3331.0,3670661,3330.0,3347.0,3277.75,AMZN
2021-02-03,3312.53,7088781,3425.01,3434.0,3308.62,AMZN
2021-02-02,3380.0,7098637,3380.0,3427.74,3361.125,AMZN
2021-02-01,3342.88,4160212,3242.36,3350.26,3235.025,AMZN
2021-01-29,3206.2,4293556,3230.0,3236.99,3184.55,AMZN
2021-01-28,3237.62,3149228,3235.04,3301.68,3228.69,AMZN
2021-01-27,3232.58,4660158,3341.49,3346.52,3207.08,AMZN
2021-01-26,3326.13,2955235,3296.356,3338.0,3282.87,AMZN
2021-01-25,3294.0,3749758,3328.5,3363.89,3243.1463,AMZN
2021-01-22,3292.23,2821914,3304.31,3321.91,3283.1644,AMZN
2021-01-21,3306.99,4945051,3293.0,3348.55,3289.5675,AMZN
2021-01-20,3263.38,5309835,3181.99,3279.8,3175.0,AMZN
2021-01-19,3120.76,3305142,3107.0,3145.0,3096.0,AMZN
2021-01-15,3104.25,4243995,3123.02,3142.545,3095.17,AMZN
2021-01-14,3127.47,3070919,3167.52,3177.9999,3120.59,AMZN
2021-01-13,3165.89,3321244,3128.44,3189.95,3122.08,AMZN
2021-01-12,3120.83,3514582,3120.0,3142.1418,3086.0,AMZN
2021-01-11,3114.21,3669095,3148.01,3156.3841,3110.0,AMZN
2021-01-08,3182.7,3537744,3180.0,3190.64,3142.2,AMZN
2021-01-07,3162.16,3514545,3157.0,3208.542,3155.0,AMZN
2021-01-06,3138.38,4394815,3146.48,3197.509,3131.16,AMZN
2021-01-05,3218.51,2655548,3166.01,3223.38,3165.06,AMZN
2021-01-04,3186.63,4411449,3270.0,3272.0,3144.02,AMZN
2020-12-31,3256.93,2957206,3275.0,3282.9219,3241.2,AMZN
2020-12-30,3285.85,3209310,3341.0,3342.1,3282.47,AMZN
2020-12-29,3322.0,4872933,3309.94,3350.65,3281.223,AMZN
2020-12-28,3283.96,5686787,3194.0,3304.0,3172.69,AMZN
2020-12-24,3172.69,1451917,3193.9,3202.0,3169.0,AMZN
2020-12-23,3185.27,2093787,3205.0,3210.13,3184.17,AMZN
2020-12-22,3206.52,2381781,3202.843,3222.0,3180.08,AMZN
2020-12-21,3206.18,3836846,3200.01,3226.9666,3166.0,AMZN
2020-12-18,3201.65,5995713,3243.99,3249.42,3171.6,AMZN
2020-12-17,3236.08,3474347,3250.0,3263.51,3221.0,AMZN
2020-12-16,3240.96,4427616,3176.01,3247.0,3163.68,AMZN
2020-12-15,3165.12,3323686,3181.01,3188.4999,3130.49,AMZN
2020-12-14,3156.97,4155794,3143.0,3190.47,3126.0,AMZN
2020-12-11,3116.42,3064695,3096.66,3118.67,3072.82,AMZN
2020-12-10,3101.49,3030186,3088.99,3142.1,3076.0,AMZN
2020-12-09,3104.2,4100836,3167.89,3174.43,3088.0,AMZN
2020-12-08,3177.29,3286303,3158.9,3184.13,3120.02,AMZN
2020-12-07,3158.0,2751316,3156.48,3180.76,3141.69,AMZN
2020-12-04,3162.58,2913611,3198.21,3198.21,3158.76,AMZN
2020-12-03,3186.73,2892039,3205.46,3228.64,3181.31,AMZN
2020-12-02,3203.53,3129304,3221.65,3232.0,3173.2601,AMZN
2020-12-01,3220.08,4544382,3188.5,3248.95,3157.18,AMZN
2020-11-30,3168.04,4063916,3208.48,3228.39,3125.55,AMZN
2020-11-27,3195.34,2392867,3211.26,3216.19,3190.05,AMZN
2020-11-25,3185.07,3790403,3141.87,3198.0,3140.26,AMZN
2020-11-24,3118.06,3602102,3100.5,3134.25,3086.258,AMZN
2020-11-23,3098.39,4708887,3116.699,3139.745,3065.46,AMZN
2020-11-20,3099.4,3380138,3117.02,3132.89,3098.0456,AMZN
2020-11-19,3117.02,3010270,3105.31,3125.0,3080.92,AMZN
2020-11-18,3105.46,2916836,3134.0,3140.0,3105.1,AMZN
2020-11-17,3135.66,3444735,3183.545,3189.25,3135.26,AMZN
2020-11-16,3131.06,3808676,3093.2,3142.7,3072.685,AMZN
2020-11-13,3128.81,3762587,3122.0,3141.7227,3085.39,AMZN
2020-11-12,3110.28,4371208,3159.95,3175.88,3086.05,AMZN
2020-11-11,3137.39,4366923,3061.78,3139.145,3050.0,AMZN
2020-11-10,3035.02,6590956,3095.02,3114.0,3019.4828,AMZN
2020-11-09,3143.74,7190406,3231.03,3289.0,3112.1057,AMZN
2020-11-06,3311.37,4647330,3304.64,3322.0,3232.0,AMZN
2020-11-05,3322.0,5789285,3319.97,3366.8,3288.88,AMZN
2020-11-04,3241.16,6839041,3159.99,3244.85,3139.73,AMZN
2020-11-03,3048.41,4897880,3018.53,3074.9,2980.98,AMZN
2020-11-02,3004.48,7257350,3061.74,3079.705,2950.12,AMZN
2020-10-30,3036.15,8396081,3157.75,3167.004,3019.0,AMZN
2020-10-29,3211.01,6596529,3201.27,3257.25,3164.0,AMZN
2020-10-28,3162.78,5588330,3249.3,3264.02,3162.47,AMZN
2020-10-27,3286.33,4291047,3224.94,3291.66,3211.3,AMZN
2020-10-26,3207.04,5901151,3198.74,3282.9799,3153.3,AMZN
2020-10-23,3204.4,3466687,3191.0,3205.33,3140.0,AMZN
2020-10-22,3176.4,4212005,3189.87,3198.75,3121.94,AMZN
2020-10-21,3184.94,4592736,3212.5,3233.875,3160.0,AMZN
2020-10-20,3217.01,4509678,3222.28,3266.0,3192.01,AMZN
2020-10-19,3207.21,5223626,3299.61,3329.0,3192.735,AMZN
2020-10-16,3272.71,6474353,3363.23,3399.6606,3160.0,AMZN
2020-10-15,3338.65,5223448,3292.01,3355.88,3280.0,AMZN
2020-10-14,3363.71,5828916,3447.0,3464.88,3340.0,AMZN
2020-10-13,3443.63,5744697,3467.99,3492.38,3424.217,AMZN
2020-10-12,3442.93,8364198,3349.94,3496.24,3339.55,AMZN
2020-10-09,3286.65,4907871,3210.0,3288.99,3197.83,AMZN
2020-10-08,3190.55,3174114,3224.99,3233.2944,3174.99,AMZN
2020-10-07,3195.69,4309439,3135.0,3200.0,3132.385,AMZN
2020-10-06,3099.96,5086857,3165.0,3182.0,3090.0,AMZN
2020-10-05,3199.2,3775332,3145.84,3202.53,3140.85,AMZN
2020-10-02,3125.0,5613098,3153.63,3195.7965,3123.0,AMZN
2020-10-01,3221.26,4971922,3208.0,3224.0,3172.0,AMZN
2020-09-30,3148.73,4896101,3141.14,3212.88,3133.99,AMZN
2020-09-29,3144.88,3503398,3175.39,3188.26,3132.54,AMZN
2020-09-28,3174.05,4224165,3148.85,3175.04,3117.1684,AMZN
2020-09-25,3095.13,4615202,3054.86,3101.54,2999.0,AMZN
2020-09-24,3019.79,5529392,2977.79,3069.3,2965.0,AMZN
2020-09-23,2999.86,5652665,3120.43,3126.999,2992.3759,AMZN
2020-09-22,3128.99,6948816,3033.835,3133.99,3000.2,AMZN
2020-09-21,2960.47,6117925,2906.5,2962.0,2871.0,AMZN
2020-09-18,2954.91,8892580,3031.74,3037.8,2905.54,AMZN
2020-09-17,3008.73,6449050,3009.25,3029.432,2972.55,AMZN
2020-09-16,3078.1,4531189,3179.99,3187.238,3074.15,AMZN
2020-09-15,3156.13,4021535,3136.16,3175.02,3108.92,AMZN
2020-09-14,3102.97,4529596,3172.937,3187.39,3096.0,AMZN
2020-09-11,3116.22,5093982,3208.69,3217.3409,3083.98,AMZN
2020-09-10,3175.11,5330741,3307.219,3349.89,3170.55,AMZN
2020-09-09,3268.61,5188675,3202.99,3303.175,3185.0,AMZN
2020-09-08,3149.84,6094205,3144.0,3250.845,3130.0,AMZN
2020-09-04,3294.62,8781754,3318.0,3381.5,3111.13,AMZN
2020-09-03,3368.0,8161113,3485.0,3488.41,3303.0,AMZN
2020-09-02,3531.45,3931476,3547.0,3552.25,3486.685,AMZN
2020-09-01,3499.12,3476407,3489.58,3513.87,3467.0,AMZN
2020-08-31,3450.96,4185885,3408.99,3495.0,3405.0,AMZN
2020-08-28,3401.8,2896978,3423.0,3433.3699,3386.5,AMZN
2020-08-27,3400.0,4264795,3450.05,3453.0,3378.0,AMZN
2020-08-26,3441.85,6508743,3351.11,3451.7387,3344.5675,AMZN
2020-08-25,3346.49,3992842,3294.99,3357.4,3267.0,AMZN
2020-08-24,3307.46,4666258,3310.15,3380.315,3257.5608,AMZN
2020-08-21,3284.72,3575862,3295.0,3314.3962,3275.39,AMZN
2020-08-20,3297.37,3332478,3252.0,3312.62,3238.0,AMZN
2020-08-19,3260.48,4185137,3303.01,3315.9,3256.0001,AMZN
2020-08-18,3312.49,5345974,3212.0,3320.0,3205.8187,AMZN
2021-08-17,2746.01,1063701,2763.82,2774.37,2735.75,GOOG
2021-08-16,2778.32,902542,2760.0,2779.81,2723.315,GOOG
2021-08-13,2768.12,629029,2767.15,2773.48,2760.1,GOOG
2021-08-12,2767.79,732470,2754.26,2768.36,2735.58,GOOG
2021-08-11,2753.79,760483,2765.66,2776.955,2747.0,GOOG
2021-08-10,2761.93,801954,2761.59,2771.03,2744.53,GOOG
2021-08-09,2760.04,618978,2738.98,2766.43,2728.575,GOOG
2021-08-06,2740.72,678251,2725.9,2741.6009,2720.93,GOOG
2021-08-05,2738.8,593589,2720.57,2739.0,2712.0,GOOG
2021-08-04,2720.57,826357,2724.99,2730.76,2708.3,GOOG
2021-08-03,2725.6,953200,2720.0,2726.71,2683.67,GOOG
2021-08-02,2719.79,1007002,2709.69,2720.41,2693.39,GOOG
2021-07-30,2704.42,1197725,2710.22,2715.4273,2696.284,GOOG
2021-07-29,2730.81,964167,2727.612,2743.03,2722.76,GOOG
2021-07-28,2727.63,2734417,2771.24,2793.52,2727.0,GOOG
2021-07-27,2735.93,2108153,2800.22,2800.22,2702.0,GOOG
2021-07-26,2792.89,1152623,2765.0,2794.26,2753.0201,GOOG
2021-07-23,2756.32,1318887,2705.2,2776.17,2694.01,GOOG
2021-07-22,2666.57,680407,2653.0,2670.09,2648.0,GOOG
2021-07-21,2652.01,737082,2615.74,2652.345,2612.03,GOOG
2021-07-20,2622.03,954156,2600.08,2640.0271,2583.7675,GOOG
2021-07-19,2585.08,1285466,2623.11,2624.94,2570.74,GOOG
2021-07-16,2636.91,743059,2632.82,2643.66,2616.43,GOOG
2021-07-15,2625.33,829316,2650.0,2651.9,2611.96,GOOG
2021-07-14,2641.65,895927,2638.03,2659.9199,2637.96,GOOG
2021-07-13,2619.89,830898,2617.63,2640.8399,2612.74,GOOG
2021-07-12,2611.28,847546,2596.67,2615.4,2592.0,GOOG
2021-07-09,2591.49,755466,2578.89,2596.99,2578.87,GOOG
2021-07-08,2583.54,988975,2565.0,2600.65,2560.8,GOOG
2021-07-07,2601.55,834186,2606.82,2612.7983,2595.2,GOOG
2021-07-06,2595.42,1067517,2588.99,2597.69,2568.18,GOOG
2021-07-02,2574.38,1058256,2536.79,2576.96,2535.38,GOOG
2021-07-01,2527.37,856230,2496.995,2529.25,2496.995,GOOG
2021-06-30,2506.32,1200478,2513.071,2516.0,2495.15,GOOG
2021-06-29,2520.37,1047478,2535.45,2540.0,2508.74,GOOG
2021-06-28,2536.39,1405543,2540.0,2546.74,2519.4756,GOOG
2021-06-25,2539.9,1674297,2539.14,2550.1,2528.88,GOOG
2021-06-24,2545.64,946662,2541.07,2550.71,2539.2,GOOG
2021-06-23,2529.23,984658,2531.0,2555.92,2525.04,GOOG
2021-06-22,2539.99,1049310,2529.0,2545.4,2520.53,GOOG
2021-06-21,2529.1,1312826,2514.8,2540.7349,2502.685,GOOG
2021-06-18,2511.35,2665310,2514.11,2527.78,2492.06,GOOG
2021-06-17,2527.42,1287791,2510.46,2543.93,2510.3,GOOG
2021-06-16,2513.93,1315838,2524.95,2530.47,2482.9994,GOOG
2021-06-15,2520.66,1109130,2530.44,2537.24,2512.97,GOOG
2021-06-14,2527.04,1127522,2513.39,2528.23,2500.94,GOOG
2021-06-11,2513.93,1262309,2524.92,2526.99,2498.29,GOOG
2021-06-10,2521.6,1561733,2494.01,2523.26,2494.0,GOOG
2021-06-09,2491.4,1006337,2499.5,2505.0,2487.33,GOOG
2021-06-08,2482.85,1253253,2479.9,2494.495,2468.24,GOOG
2021-06-07,2466.09,1192453,2451.32,2468.0,2441.0725,GOOG
2021-06-04,2451.76,1297434,2422.52,2453.859,2417.77,GOOG
2021-06-03,2404.61,917291,2395.02,2409.745,2382.83,GOOG
2021-06-02,2421.28,858105,2435.31,2442.0,2404.2,GOOG
2021-06-01,2429.81,958289,2422.0,2437.9709,2404.88,GOOG
2021-05-28,2411.56,1205382,2421.96,2428.14,2407.69,GOOG
2021-05-27,2402.51,1948113,2436.94,2440.0,2402.0,GOOG
2021-05-26,2433.53,1092819,2412.835,2442.944,2412.515,GOOG
2021-05-25,2409.07,941928,2420.0,2432.89,2402.99,GOOG
2021-05-24,2406.67,1062189,2367.0,2418.48,2360.11,GOOG
2021-05-21,2345.1,1141632,2365.99,2368.9999,2342.37,GOOG
2021-05-20,2356.09,1191593,2328.04,2360.34,2321.09,GOOG
2021-05-19,2308.71,967544,2264.4,2316.76,2263.52,GOOG
2021-05-18,2303.43,865119,2336.906,2343.15,2303.16,GOOG
2021-05-17,2321.41,991792,2309.32,2323.34,2295.0,GOOG
2021-05-14,2316.16,1331248,2291.83,2321.14,2283.32,GOOG
2021-05-13,2261.97,1333508,2261.09,2276.6012,2242.72,GOOG
2021-05-12,2239.08,1746664,2261.71,2285.37,2230.05,GOOG
2021-05-11,2308.76,1605548,2291.86,2322.0,2283.0,GOOG
2021-05-10,2341.66,1300271,2374.89,2378.0,2334.73,GOOG
2021-05-07,2398.69,1163892,2400.0,2416.41,2390.0,GOOG
2021-05-06,2381.35,1030859,2350.64,2382.71,2342.3382,GOOG
2021-05-05,2356.74,1090275,2368.42,2382.2,2351.41,GOOG
2021-05-04,2354.25,1756015,2369.74,2379.26,2311.7,GOOG
2021-05-03,2395.17,1689389,2402.72,2419.7,2384.5,GOOG
2021-04-30,2410.12,1957130,2404.49,2427.14,2402.16,GOOG
2021-04-29,2429.89,1977677,2410.33,2436.52,2402.28,GOOG
2021-04-28,2379.91,2986439,2407.145,2452.378,2374.85,GOOG
2021-04-27,2307.12,1598583,2336.0,2337.45,2304.27,GOOG
2021-04-26,2326.74,1041650,2319.93,2341.26,2313.84,GOOG
2021-04-23,2315.3,1435162,2283.47,2325.82,2278.21,GOOG
2021-04-22,2267.92,1054808,2293.23,2303.7621,2256.45,GOOG
2021-04-21,2293.29,1196731,2285.25,2295.32,2258.57,GOOG
2021-04-20,2293.63,1088749,2307.89,2309.6,2271.71,GOOG
2021-04-19,2302.4,1234445,2291.98,2318.45,2287.845,GOOG
2021-04-16,2297.76,1130090,2303.0,2306.44,2284.45,GOOG
2021-04-15,2296.66,1373612,2276.98,2306.5965,2266.0,GOOG
2021-04-14,2254.84,1010967,2275.16,2277.99,2249.19,GOOG
2021-04-13,2267.27,1165804,2261.47,2277.21,2256.09,GOOG
2021-04-12,2254.79,1565851,2266.25,2275.32,2238.465,GOOG
2021-04-09,2285.88,1044365,2256.7,2289.04,2253.7139,GOOG
2021-04-08,2265.44,1358259,2277.96,2284.005,2257.68,GOOG
2021-04-07,2249.68,1289861,2226.13,2255.0,2225.3303,GOOG
2021-04-06,2224.75,1353036,2222.5,2237.66,2214.8,GOOG
2021-04-05,2225.55,2164875,2152.94,2237.31,2151.62,GOOG
2021-04-01,2137.75,1698978,2097.95,2142.94,2096.89,GOOG
2021-03-31,2068.63,1459930,2059.12,2093.3273,2056.745,GOOG
2021-03-30,2055.54,1036774,2057.63,2070.78,2044.03,GOOG
2021-03-29,2055.95,1229777,2027.88,2058.43,2015.62,GOOG
2021-03-26,2035.55,1493800,2038.86,2050.99,2014.0201,GOOG
2021-03-25,2044.36,1418907,2044.81,2058.87,2010.73,GOOG
2021-03-24,2045.06,1154029,2065.37,2078.21,2041.555,GOOG
2021-03-23,2052.96,1366997,2051.7,2072.3025,2039.22,GOOG
2021-03-22,2038.59,1954816,2041.84,2057.99,2026.07,GOOG
2021-03-19,2043.2,2314893,2042.05,2053.1,2017.68,GOOG
2021-03-18,2036.22,1362430,2061.0,2075.5,2033.55,GOOG
2021-03-17,2091.08,1299016,2076.03,2109.78,2054.0,GOOG
2021-03-16,2092.52,1491564,2078.99,2123.56,2070.0,GOOG
2021-03-15,2066.49,1298325,2062.3,2067.06,2043.51,GOOG
2021-03-12,2061.92,1725794,2085.0,2090.26,2047.55,GOOG
2021-03-11,2114.77,1239080,2074.06,2125.7,2072.38,GOOG
2021-03-10,2055.03,1268592,2071.76,2075.0,2033.37,GOOG
2021-03-09,2052.7,1697306,2070.0,2078.04,2047.83,GOOG
2021-03-08,2024.17,1647429,2101.13,2128.81,2021.61,GOOG
2021-03-05,2108.54,2195218,2073.12,2118.11,2046.415,GOOG
2021-03-04,2049.09,2118006,2023.37,2089.24,2020.27,GOOG
2021-03-03,2026.71,1484181,2067.21,2088.518,2010.0,GOOG
2021-03-02,2075.84,1134595,2076.19,2104.37,2071.26,GOOG
2021-03-01,2081.51,1405115,2056.52,2086.52,2046.1,GOOG
2021-02-26,2036.86,2083801,2050.52,2071.0099,2016.06,GOOG
2021-02-25,2031.36,1828432,2067.45,2094.88,2021.29,GOOG
2021-02-24,2095.17,1248349,2041.83,2100.78,2038.13,GOOG
2021-02-23,2070.86,1667377,2025.01,2082.01,2002.02,GOOG
2021-02-22,2064.88,1367533,2067.0,2091.42,2062.14,GOOG
2021-02-19,2101.14,1457612,2119.27,2130.53,2097.41,GOOG
2021-02-18,2117.2,1121855,2110.39,2132.735,2103.71,GOOG
2021-02-17,2128.31,1070941,2100.0,2133.66,2098.92,GOOG
2021-02-16,2121.9,1133838,2104.36,2152.68,2104.36,GOOG
2021-02-12,2104.11,855865,2090.25,2108.82,2083.13,GOOG
2021-02-11,2095.89,945650,2099.51,2102.03,2077.32,GOOG
2021-02-10,2095.38,1135464,2094.21,2108.37,2063.09,GOOG
2021-02-09,2083.51,889850,2078.54,2105.13,2078.54,GOOG
2021-02-08,2092.91,1242411,2105.91,2123.5469,2072.0,GOOG
2021-02-05,2098.0,1535135,2070.0,2102.51,2059.33,GOOG
2021-02-04,2062.37,1852329,2068.89,2078.55,2042.59,GOOG
2021-02-03,2070.07,4118170,2073.0,2116.5,2018.38,GOOG
2021-02-02,1927.51,2273723,1922.56,1955.76,1914.49,GOOG
2021-02-01,1901.35,1602182,1853.57,1922.3918,1850.93,GOOG
2021-01-29,1835.74,1612552,1846.17,1857.28,1810.2,GOOG
2021-01-28,1863.11,1773138,1843.94,1898.83,1842.64,GOOG
2021-01-27,1830.79,2748292,1882.53,1890.0,1809.0,GOOG
2021-01-26,1917.24,1313139,1888.84,1925.0,1884.245,GOOG
2021-01-25,1899.4,1927320,1920.67,1929.58,1867.53,GOOG
2021-01-22,1901.05,1272232,1895.68,1910.95,1881.76,GOOG
2021-01-21,1891.25,2063932,1898.0,1934.86,1887.11,GOOG
2021-01-20,1886.9,2490258,1831.46,1903.71,1825.53,GOOG
2021-01-19,1790.86,1734614,1752.25,1809.275,1741.46,GOOG
2021-01-15,1736.19,1342170,1738.19,1756.0,1721.55,GOOG
2021-01-14,1740.18,1179477,1753.62,1775.01,1733.4,GOOG
2021-01-13,1754.4,1094131,1738.58,1765.035,1738.01,GOOG
2021-01-12,1746.55,1357691,1753.92,1778.04,1725.31,GOOG
2021-01-11,1766.72,1209735,1786.07,1794.315,1760.5201,GOOG
2021-01-08,1807.21,2051002,1787.98,1809.84,1773.535,GOOG
2021-01-07,1787.25,2265022,1740.06,1788.4,1737.05,GOOG
2021-01-06,1735.29,2602114,1702.63,1748.0,1699.0,GOOG
2021-01-05,1740.92,1145347,1725.0,1747.67,1718.015,GOOG
2021-01-04,1728.24,1901855,1757.54,1760.65,1707.85,GOOG
2020-12-31,1751.88,1012240,1735.42,1758.93,1735.42,GOOG
2020-12-30,1739.52,1306130,1762.01,1765.095,1725.6,GOOG
2020-12-29,1758.72,1299395,1787.79,1792.44,1756.09,GOOG
2020-12-28,1776.09,1393033,1751.635,1790.7276,1746.335,GOOG
2020-12-24,1738.85,346753,1735.0,1746.0,1729.11,GOOG
2020-12-23,1732.38,1033917,1728.11,1747.99,1725.04,GOOG
2020-12-22,1723.5,938346,1734.43,1737.405,1712.575,GOOG
2020-12-21,1739.37,1828378,1713.51,1740.85,1699.0,GOOG
2020-12-18,1731.01,4016353,1754.18,1755.11,1720.22,GOOG
2020-12-17,1747.9,1624744,1768.51,1771.7836,1738.66,GOOG
2020-12-16,1763.0,1513543,1772.88,1773.0,1756.08,GOOG
2020-12-15,1767.77,1482261,1764.42,1771.42,1749.95,GOOG
2020-12-14,1760.06,1600173,1775.0,1797.39,1757.215,GOOG
2020-12-11,1781.77,1220651,1763.06,1784.45,1760.0,GOOG
2020-12-10,1775.33,1362848,1769.8,1781.31,1740.32,GOOG
2020-12-09,1784.13,1507558,1812.01,1834.27,1767.81,GOOG
2020-12-08,1818.55,1096319,1810.1,1821.9,1796.2047,GOOG
2020-12-07,1819.48,1320946,1819.0,1832.37,1805.78,GOOG
2020-12-04,1827.99,1378166,1824.52,1833.16,1816.99,GOOG
2020-12-03,1826.77,1227298,1824.01,1847.2,1822.65,GOOG
2020-12-02,1827.95,1222032,1798.1,1835.65,1789.4725,GOOG
2020-12-01,1798.1,1739045,1774.37,1824.83,1769.37,GOOG
2020-11-30,1760.74,1823836,1781.184,1788.065,1755.0,GOOG
2020-11-27,1793.19,884916,1773.09,1804.0,1772.44,GOOG
2020-11-25,1771.43,1046122,1772.89,1778.54,1756.54,GOOG
2020-11-24,1768.88,1579703,1730.5,1771.6,1727.69,GOOG
2020-11-23,1734.86,2161975,1749.6,1753.9,1717.72,GOOG
2020-11-20,1742.19,2313655,1765.21,1774.0,1741.86,GOOG
2020-11-19,1763.92,1249910,1738.38,1769.5897,1737.005,GOOG
2020-11-18,1746.78,1173466,1765.23,1773.47,1746.14,GOOG
2020-11-17,1770.15,1147114,1776.94,1785.0,1767.0,GOOG
2020-11-16,1781.38,1246785,1771.7,1799.07,1767.69,GOOG
2020-11-13,1777.02,1500574,1757.63,1781.04,1744.55,GOOG
2020-11-12,1749.84,1248754,1747.63,1768.27,1745.6,GOOG
2020-11-11,1752.71,1263966,1750.0,1764.22,1747.365,GOOG
2020-11-10,1740.39,2636142,1731.09,1763.0,1717.3,GOOG
2020-11-09,1763.0,2268270,1790.9,1818.06,1760.02,GOOG
2020-11-06,1761.75,1661225,1753.95,1772.43,1740.35,GOOG
2020-11-05,1763.37,2065812,1781.0,1793.64,1750.51,GOOG
2020-11-04,1749.13,3570927,1710.28,1771.365,1706.0301,GOOG
2020-11-03,1650.21,1661653,1631.78,1661.7,1616.6201,GOOG
2020-11-02,1626.03,2535446,1628.16,1660.77,1616.03,GOOG
2020-10-30,1621.01,4330862,1672.11,1687.0,1604.46,GOOG
2020-10-29,1567.24,2003064,1522.36,1593.71,1522.24,GOOG
2020-10-28,1516.62,1833959,1559.74,1561.35,1514.62,GOOG
2020-10-27,1604.26,1229002,1595.67,1606.845,1582.78,GOOG
2020-10-26,1590.45,1853254,1625.01,1638.24,1576.5,GOOG
2020-10-23,1641.0,1375844,1626.07,1642.36,1620.51,GOOG
2020-10-22,1615.33,1434042,1593.05,1621.99,1585.0,GOOG
2020-10-21,1593.31,2568345,1573.33,1618.73,1571.6301,GOOG
2020-10-20,1555.93,2242572,1527.05,1577.5,1525.67,GOOG
2020-10-19,1534.61,1607075,1580.46,1588.15,1528.0,GOOG
2020-10-16,1573.01,1435137,1565.85,1581.13,1563.0,GOOG
2020-10-15,1559.13,1540817,1547.15,1575.105,1545.03,GOOG
2020-10-14,1568.08,1930990,1578.59,1587.6841,1550.53,GOOG
2020-10-13,1571.68,1601043,1583.73,1590.0,1563.2,GOOG
2020-10-12,1569.15,2482560,1543.0,1593.86,1532.57,GOOG
2020-10-09,1515.22,1435542,1494.7,1516.52,1489.45,GOOG
2020-10-08,1485.93,1187831,1465.09,1490.0,1465.09,GOOG
2020-10-07,1460.29,1746156,1464.29,1468.96,1436.0,GOOG
2020-10-06,1453.44,1245423,1475.58,1486.76,1448.5901,GOOG
2020-10-05,1486.02,1113257,1466.21,1488.21,1464.27,GOOG
2020-10-02,1458.42,1284071,1462.03,1483.2,1450.92,GOOG
2020-10-01,1490.09,1779497,1484.27,1499.04,1479.21,GOOG
2020-09-30,1469.6,1701608,1466.8,1489.75,1459.88,GOOG
2020-09-29,1469.33,979102,1470.39,1476.6632,1458.805,GOOG
2020-09-28,1464.52,2007941,1474.21,1476.8,1449.3012,GOOG
2020-09-25,1444.96,1323375,1432.63,1450.0,1413.34,GOOG
2020-09-24,1428.29,1450216,1411.03,1443.7088,1409.85,GOOG
2020-09-23,1415.21,1657350,1458.78,1460.96,1407.7,GOOG
2020-09-22,1465.46,1583201,1450.09,1469.52,1434.53,GOOG
2020-09-21,1431.16,2888827,1440.06,1448.36,1406.55,GOOG
2020-09-18,1459.99,3103882,1498.01,1503.0032,1437.13,GOOG
2020-09-17,1495.53,1879751,1496.0,1508.2984,1470.0001,GOOG
2020-09-16,1520.9,1312299,1555.54,1562.0,1519.82,GOOG
2020-09-15,1541.44,1331082,1536.0,1559.57,1531.835,GOOG
2020-09-14,1519.28,1696589,1539.005,1563.9999,1515.74,GOOG
2020-09-11,1520.72,1597087,1536.0,1575.2,1497.36,GOOG
2020-09-10,1532.02,1618557,1560.64,1584.081,1525.805,GOOG
2020-09-09,1556.96,1774704,1557.53,1569.0,1536.0511,GOOG
2020-09-08,1532.39,2610884,1533.51,1563.865,1528.01,GOOG
2020-09-04,1591.04,2608568,1624.26,1645.11,1547.6125,GOOG
2020-09-03,1641.84,3107763,1709.7143,1709.7143,1615.06,GOOG
2020-09-02,1728.28,2511180,1673.7754,1733.1799,1666.3301,GOOG
2020-09-01,1660.71,1826655,1636.63,1665.73,1632.22,GOOG
2020-08-31,1634.18,1823406,1647.89,1647.965,1630.31,GOOG
2020-08-28,1644.41,1499782,1633.49,1647.1699,1630.75,GOOG
2020-08-27,1634.33,1861602,1653.68,1655.0,1625.75,GOOG
2020-08-26,1652.38,3581072,1608.0,1659.22,1603.6,GOOG
2020-08-25,1608.22,2132084,1582.07,1611.62,1582.07,GOOG
2020-08-24,1588.2,1410229,1593.98,1614.17,1580.57,GOOG
2020-08-21,1580.42,1446453,1577.03,1597.72,1568.005,GOOG
2020-08-20,1581.75,1706877,1543.45,1585.87,1538.2,GOOG
2020-08-19,1547.53,1660611,1553.31,1573.68,1543.95,GOOG
2020-08-18,1558.6,2027086,1526.18,1562.47,1523.71,GOOG
2021-08-17,293.08,20075250,292.39,293.43,291.08,MSFT
2021-08-16,294.6,22516030,293.19,294.82,290.02,MSFT
2021-08-13,292.85,18249050,289.48,292.9,289.3,MSFT
2021-08-12,289.81,14570390,286.63,289.97,286.34,MSFT
2021-08-11,286.95,13955930,287.21,288.66,285.86,MSFT
2021-08-10,286.44,18616580,288.8,289.25,285.2,MSFT
2021-08-09,288.33,16117630,289.75,291.55,287.81,MSFT
2021-08-06,289.46,16589340,288.505,289.5,287.6238,MSFT
2021-08-05,289.52,13900170,286.88,289.63,286.1,MSFT
2021-08-04,286.51,16191300,286.22,287.5883,284.65,MSFT
2021-08-03,287.12,17879050,285.42,287.23,284.0,MSFT
2021-08-02,284.82,16267360,286.36,286.775,283.74,MSFT
2021-07-30,284.91,20944850,285.17,286.66,283.91,MSFT
2021-07-29,286.5,18168290,286.235,288.618,286.08,MSFT
2021-07-28,286.22,33566850,288.99,290.15,283.8303,MSFT
2021-07-27,286.54,33604070,289.43,289.575,282.95,MSFT
2021-07-26,289.05,23176070,289.0,289.69,286.642,MSFT
2021-07-23,289.67,22768070,287.37,289.99,286.5,MSFT
2021-07-22,286.14,23384060,283.84,286.42,283.42,MSFT
2021-07-21,281.4,24364320,278.905,281.52,277.29,MSFT
2021-07-20,279.32,26259740,278.03,280.97,276.26,MSFT
2021-07-19,277.01,32935630,278.934,280.37,274.45,MSFT
2021-07-16,280.75,26186850,282.07,284.1,279.46,MSFT
2021-07-15,281.03,22604230,282.0,282.51,279.83,MSFT
2021-07-14,282.51,23113660,282.345,283.66,280.55,MSFT
2021-07-13,280.98,26120130,277.52,282.8477,277.39,MSFT
2021-07-12,277.32,18931700,279.157,279.77,276.58,MSFT
2021-07-09,277.94,23916670,275.72,278.05,275.32,MSFT
2021-07-08,277.42,24618590,276.9,278.73,274.87,MSFT
2021-07-07,279.93,23260030,279.4,280.6945,277.15,MSFT
2021-07-06,277.66,31565560,278.03,279.3698,274.3,MSFT
2021-07-02,277.65,26474410,272.82,278.0,272.5,MSFT
2021-07-01,271.6,16725320,269.61,271.84,269.6,MSFT
2021-06-30,270.9,21656460,270.69,271.3598,269.6043,MSFT
2021-06-29,271.4,19937810,268.865,271.65,267.98,MSFT
2021-06-28,268.72,19590020,266.185,268.9,265.91,MSFT
2021-06-25,265.02,25611110,266.23,267.25,264.76,MSFT
2021-06-24,266.69,21446870,266.16,267.85,265.47,MSFT
2021-06-23,265.275,19518680,265.99,266.83,264.43,MSFT
2021-06-22,265.51,24694090,262.72,265.79,262.4,MSFT
2021-06-21,262.63,26696120,259.82,263.52,257.92,MSFT
2021-06-18,259.43,37202220,259.63,262.3,258.75,MSFT
2021-06-17,260.9,27565540,256.065,261.75,256.01,MSFT
2021-06-16,257.38,27219960,259.4,260.58,254.42,MSFT
2021-06-15,258.36,18038930,259.775,259.99,257.68,MSFT
2021-06-14,259.89,19150510,257.9,259.95,256.8,MSFT
2021-06-11,257.89,18999730,257.985,258.4868,256.61,MSFT
2021-06-10,257.24,24563620,254.29,257.46,253.67,MSFT
2021-06-09,253.59,17937630,253.81,255.53,253.21,MSFT
2021-06-08,252.57,22455000,255.16,256.01,252.51,MSFT
2021-06-07,253.81,23079170,249.98,254.09,249.81,MSFT
2021-06-04,250.79,25281090,247.76,251.65,247.51,MSFT
2021-06-03,245.71,25307710,245.22,246.34,243.0,MSFT
2021-06-02,247.3,19406710,248.125,249.27,245.84,MSFT
2021-06-01,247.4,23213310,251.23,251.29,246.96,MSFT
2021-05-28,249.68,18274940,250.995,252.08,249.56,MSFT
2021-05-27,249.31,24426240,251.17,251.48,249.25,MSFT
2021-05-26,251.49,17771600,251.43,252.94,250.75,MSFT
2021-05-25,251.72,17704300,251.769,252.75,250.82,MSFT
2021-05-24,250.78,21411550,247.785,251.16,247.51,MSFT
2021-05-21,245.17,21863060,247.565,248.33,244.74,MSFT
2021-05-20,246.48,21800720,243.96,247.95,243.86,MSFT
2021-05-19,243.12,25739810,239.31,243.23,238.6,MSFT
2021-05-18,243.08,20167980,246.27,246.41,242.9,MSFT
2021-05-17,245.18,24938180,246.55,246.59,243.52,MSFT
2021-05-14,248.15,23901080,245.575,249.18,245.49,MSFT
2021-05-13,243.03,29624300,241.8,245.6,241.42,MSFT
2021-05-12,239.0,36684370,242.165,244.38,238.07,MSFT
2021-05-11,246.23,33641590,244.55,246.6,242.57,MSFT
2021-05-10,247.18,29299890,250.87,251.73,247.12,MSFT
2021-05-07,252.46,27032910,252.15,254.3,251.17,MSFT
2021-05-06,249.73,26491090,246.45,249.86,244.69,MSFT
2021-05-05,246.47,21901330,249.06,249.5,245.82,MSFT
2021-05-04,247.79,32756050,250.97,251.21,245.76,MSFT
2021-05-03,251.86,19626570,253.4,254.35,251.12,MSFT
2021-04-30,252.18,30945100,249.74,253.08,249.6,MSFT
2021-04-29,252.51,40589020,255.46,256.1,249.0,MSFT
2021-04-28,254.56,46903120,256.078,256.5399,252.95,MSFT
2021-04-27,261.97,31014210,261.585,263.19,260.12,MSFT
2021-04-26,261.55,19763350,261.66,262.435,260.17,MSFT
2021-04-23,261.15,21499290,257.88,261.51,257.27,MSFT
2021-04-22,257.17,25606150,260.21,261.78,255.64,MSFT
2021-04-21,260.58,24030380,258.94,260.68,257.25,MSFT
2021-04-20,258.26,19722880,257.82,260.2,256.84,MSFT
2021-04-19,258.74,23209260,260.19,261.48,257.821,MSFT
2021-04-16,260.74,24878580,259.47,261.0,257.6014,MSFT
2021-04-15,259.5,25627480,257.931,259.93,257.73,MSFT
2021-04-14,255.59,23070940,257.475,258.83,255.16,MSFT
2021-04-13,258.49,23837470,257.257,259.19,256.83,MSFT
2021-04-12,255.91,27148670,254.71,257.67,254.62,MSFT
2021-04-09,255.85,24326830,252.87,255.99,252.44,MSFT
2021-04-08,253.25,23625200,252.77,254.139,252.0,MSFT
2021-04-07,249.9,22719840,247.81,250.93,247.19,MSFT
2021-04-06,247.86,22931920,247.61,249.4,246.88,MSFT
2021-04-05,249.07,36910610,242.76,249.96,242.7,MSFT
2021-04-01,242.35,30337980,238.47,242.84,238.0501,MSFT
2021-03-31,235.77,43623470,232.91,239.1,232.39,MSFT
2021-03-30,231.85,24792010,233.525,233.85,231.1,MSFT
2021-03-29,235.24,25227460,236.59,236.8,231.88,MSFT
2021-03-26,236.48,25479850,231.55,236.71,231.55,MSFT
2021-03-25,232.34,34061850,235.3,236.94,231.57,MSFT
2021-03-24,235.46,25620130,237.845,238.0,235.32,MSFT
2021-03-23,237.58,31638380,237.485,241.05,237.07,MSFT
2021-03-22,235.99,30127010,230.27,236.9,230.14,MSFT
2021-03-19,230.35,46430730,231.02,232.474,229.3496,MSFT
2021-03-18,230.72,34852250,232.56,234.19,230.33,MSFT
2021-03-17,237.04,29562100,236.15,238.55,233.23,MSFT
2021-03-16,237.71,28092200,236.28,240.055,235.94,MSFT
2021-03-15,234.81,26042670,234.96,235.185,231.81,MSFT
2021-03-12,235.75,22653660,234.01,235.82,233.23,MSFT
2021-03-11,237.13,29907590,234.96,239.17,234.31,MSFT
2021-03-10,232.42,29746810,237.0,237.0,232.04,MSFT
2021-03-09,233.78,33080530,232.88,235.3839,231.67,MSFT
2021-03-08,227.39,35267440,231.37,233.365,227.13,MSFT
2021-03-05,231.6,41872770,229.517,233.27,226.46,MSFT
2021-03-04,226.73,44727790,226.735,232.49,224.26,MSFT
2021-03-03,227.56,34029530,232.155,233.5799,227.26,MSFT
2021-03-02,233.87,22812460,237.01,237.3,233.45,MSFT
2021-03-01,236.94,25332840,235.9,237.47,233.15,MSFT
2021-02-26,232.38,37819230,231.525,235.37,229.54,MSFT
2021-02-25,228.99,39542240,232.08,234.5852,227.88,MSFT
2021-02-24,234.55,26339750,230.01,235.2,229.0,MSFT
2021-02-23,233.27,30228700,230.325,234.83,228.73,MSFT
2021-02-22,234.51,36446940,237.42,237.93,232.4,MSFT
2021-02-19,240.97,25262600,243.75,243.86,240.18,MSFT
2021-02-18,243.79,16925560,241.8,243.93,240.86,MSFT
2021-02-17,244.2,21673110,241.32,244.31,240.94,MSFT
2021-02-16,243.7,26728490,245.03,246.13,242.92,MSFT
2021-02-12,244.99,16561080,243.933,245.3,242.73,MSFT
2021-02-11,244.49,15751060,244.78,245.15,242.15,MSFT
2021-02-10,242.82,22186710,245.0,245.92,240.89,MSFT
2021-02-09,243.77,23564950,241.87,244.76,241.38,MSFT
2021-02-08,242.47,22211930,243.15,243.68,240.81,MSFT
2021-02-05,242.2,18054750,242.23,243.28,240.42,MSFT
2021-02-04,242.01,25296100,242.66,243.2399,240.37,MSFT
2021-02-03,243.0,27158100,239.57,245.09,239.26,MSFT
2021-02-02,239.51,25916340,241.3,242.31,238.69,MSFT
2021-02-01,239.65,33314190,235.06,242.5,232.43,MSFT
2021-01-29,231.96,42503140,235.99,238.02,231.35,MSFT
2021-01-28,238.93,49111160,235.61,242.64,235.09,MSFT
2021-01-27,232.9,69870640,238.0,240.44,230.14,MSFT
2021-01-26,232.33,49169600,231.86,234.18,230.08,MSFT
2021-01-25,229.53,33152100,229.12,229.78,224.22,MSFT
2021-01-22,225.95,30172660,227.08,230.07,225.8,MSFT
2021-01-21,224.97,30749550,224.7,226.3,222.42,MSFT
2021-01-20,224.34,37777260,217.7,225.79,217.2908,MSFT
2021-01-19,216.44,30480860,213.75,216.98,212.63,MSFT
2021-01-15,212.65,31746510,213.52,214.51,212.03,MSFT
2021-01-14,213.02,29346740,215.91,217.46,212.74,MSFT
2021-01-13,216.34,20087080,214.02,216.76,213.9266,MSFT
2021-01-12,214.93,23249340,216.5,217.1,213.3202,MSFT
2021-01-11,217.49,23047030,218.47,218.91,216.73,MSFT
2021-01-08,219.62,22956210,218.68,220.58,217.0261,MSFT
2021-01-07,218.29,27694480,214.04,219.34,213.71,MSFT
2021-01-06,212.25,35930650,212.17,216.4899,211.94,MSFT
2021-01-05,217.9,23822950,217.26,218.52,215.7,MSFT
2021-01-04,217.69,37130140,222.53,223.0,214.81,MSFT
2020-12-31,222.42,20942130,221.7,223.0,219.68,MSFT
2020-12-30,221.68,20272340,225.23,225.63,221.47,MSFT
2020-12-29,224.15,17403210,226.31,227.18,223.58,MSFT
2020-12-28,224.96,17933500,224.45,226.03,223.02,MSFT
2020-12-24,222.75,10550570,221.42,223.61,221.2,MSFT
2020-12-23,221.02,18699640,223.11,223.5589,220.8,MSFT
2020-12-22,223.94,22643400,222.69,225.63,221.85,MSFT
2020-12-21,222.59,37181890,217.55,224.0,217.2801,MSFT
2020-12-18,218.59,63354920,218.59,219.69,216.02,MSFT
2020-12-17,219.42,32515780,219.87,220.89,217.92,MSFT
2020-12-16,219.28,35023250,214.75,220.11,214.72,MSFT
2020-12-15,214.13,27018110,215.165,215.42,212.24,MSFT
2020-12-14,214.2,28798380,213.1,216.21,212.88,MSFT
2020-12-11,213.26,30979440,210.05,213.32,209.11,MSFT
2020-12-10,210.52,26467020,211.77,213.08,210.36,MSFT
2020-12-09,211.8,32440600,215.16,215.225,211.214,MSFT
2020-12-08,216.01,23284090,213.97,216.95,212.89,MSFT
2020-12-07,214.29,24620000,214.37,215.54,212.99,MSFT
2020-12-04,214.36,24666040,214.22,215.38,213.18,MSFT
2020-12-03,214.24,25120920,214.61,216.3757,213.65,MSFT
2020-12-02,215.37,23724510,214.88,215.47,212.8,MSFT
2020-12-01,216.21,30931320,214.51,217.32,213.35,MSFT
2020-11-30,214.07,33064750,214.1,214.76,210.835,MSFT
2020-11-27,215.23,14512210,214.85,216.27,214.04,MSFT
2020-11-25,213.87,21012890,215.11,215.29,212.46,MSFT
2020-11-24,213.86,33979730,209.59,214.25,208.86,MSFT
2020-11-23,210.11,25683510,210.95,212.29,208.16,MSFT
2020-11-20,210.39,22843120,212.2,213.285,210.0,MSFT
2020-11-19,212.42,24792750,211.38,213.03,209.93,MSFT
2020-11-18,211.08,28372790,213.65,215.17,210.93,MSFT
2020-11-17,214.46,24154110,216.1,217.68,214.08,MSFT
2020-11-16,217.23,24953340,214.87,217.74,214.52,MSFT
2020-11-13,216.51,18630310,216.36,217.42,214.16,MSFT
2020-11-12,215.44,21616120,217.21,219.11,214.46,MSFT
2020-11-11,216.55,29440790,212.39,218.04,212.2,MSFT
2020-11-10,211.01,44045120,214.5,216.5,209.72,MSFT
2020-11-09,218.39,44394950,224.435,228.12,217.88,MSFT
2020-11-06,223.72,25231900,222.26,224.36,218.03,MSFT
2020-11-05,223.29,36080140,222.04,224.12,221.15,MSFT
2020-11-04,216.39,42311780,214.02,218.32,212.4185,MSFT
2020-11-03,206.43,27512030,203.89,208.12,203.12,MSFT
2020-11-02,202.33,30842160,204.29,205.28,200.12,MSFT
2020-10-30,202.47,36980110,203.5,204.29,199.62,MSFT
2020-10-29,204.72,31432560,204.07,207.36,203.37,MSFT
2020-10-28,202.68,51195590,207.67,208.84,202.1,MSFT
2020-10-27,213.25,36700330,211.59,214.67,210.329,MSFT
2020-10-26,210.08,37111560,213.85,216.3399,208.1,MSFT
2020-10-23,216.23,18879610,215.03,216.28,213.16,MSFT
2020-10-22,214.89,22351450,213.93,216.055,211.7,MSFT
2020-10-21,214.8,22724910,213.12,216.92,213.12,MSFT
2020-10-20,214.65,22753510,215.8,217.37,213.0901,MSFT
2020-10-19,214.22,27625840,220.415,222.3,213.72,MSFT
2020-10-16,219.66,26057880,220.15,222.29,219.32,MSFT
2020-10-15,219.66,22733060,217.1,220.36,216.01,MSFT
2020-10-14,220.86,23451710,223.0,224.22,219.13,MSFT
2020-10-13,222.86,28950840,222.72,225.21,220.43,MSFT
2020-10-12,221.4,40461370,218.79,223.86,216.81,MSFT
2020-10-09,215.81,26458050,211.23,215.86,211.23,MSFT
2020-10-08,210.58,19925840,210.51,211.19,208.32,MSFT
2020-10-07,209.83,25681050,207.06,210.11,206.72,MSFT
2020-10-06,205.91,28554260,208.82,210.18,204.82,MSFT
2020-10-05,210.38,21331560,207.22,210.41,206.98,MSFT
2020-10-02,206.19,33154780,208.0,210.99,205.54,MSFT
2020-10-01,212.46,27158420,213.49,213.99,211.32,MSFT
2020-09-30,210.33,33829090,207.73,211.98,206.54,MSFT
2020-09-29,207.26,24464470,209.35,210.07,206.81,MSFT
2020-09-28,209.44,32004940,210.88,212.57,208.06,MSFT
2020-09-25,207.82,29437310,203.55,209.04,202.54,MSFT
2020-09-24,203.19,31202490,199.85,205.57,199.2,MSFT
2020-09-23,200.59,30803780,207.9,208.1,200.03,MSFT
2020-09-22,207.42,33517070,205.06,208.1,202.075,MSFT
2020-09-21,202.54,39839660,197.19,202.71,196.38,MSFT
2020-09-18,200.39,55225330,202.8,203.65,196.25,MSFT
2020-09-17,202.91,34011260,200.05,204.33,199.96,MSFT
2020-09-16,205.05,26372460,210.62,210.65,204.64,MSFT
2020-09-15,208.78,21823940,208.42,209.78,206.93,MSFT
2020-09-14,205.41,30375770,204.24,209.2,204.03,MSFT
2020-09-11,204.03,33620070,207.2,208.63,201.24,MSFT
2020-09-10,205.37,35461510,213.4,214.74,204.11,MSFT
2020-09-09,211.29,45678990,207.6,214.8399,206.7,MSFT
2020-09-08,202.66,52924330,206.5,210.03,202.2,MSFT
2020-09-04,214.25,59664070,215.1,218.3599,205.19,MSFT
2020-09-03,217.3,58400290,229.27,229.31,214.9602,MSFT
2020-09-02,231.65,34080840,227.97,232.86,227.35,MSFT
2020-09-01,227.27,25791240,225.51,227.45,224.43,MSFT
2020-08-31,225.53,28774160,227.0,228.7,224.31,MSFT
2020-08-28,228.91,26292900,228.18,230.644,226.58,MSFT
2020-08-27,226.58,57602200,222.89,231.15,219.4,MSFT
2020-08-26,221.15,39600830,217.88,222.09,217.36,MSFT
2020-08-25,216.47,23043700,213.1,216.61,213.1,MSFT
2020-08-24,213.69,25460150,214.79,215.52,212.43,MSFT
2020-08-21,213.02,36249320,213.86,216.25,212.85,MSFT
2020-08-20,214.58,26981480,209.54,215.0,208.91,MSFT
2020-08-19,209.7,27627560,211.49,212.1,209.25,MSFT
2020-08-18,211.49,21336170,210.53,212.36,209.21,MSFT
2021-08-17,150.19,92229740,150.23,151.68,149.09,AAPL
2021-08-16,151.12,103558800,148.535,151.19,146.47,AAPL
2021-08-13,149.1,59375010,148.97,149.4444,148.27,AAPL
2021-08-12,148.89,73779110,146.19,149.05,145.84,AAPL
2021-08-11,145.86,48493460,146.05,146.72,145.53,AAPL
2021-08-10,145.6,69023080,146.44,147.71,145.3,AAPL
2021-08-09,146.09,48908690,146.2,146.7,145.52,AAPL
2021-08-06,146.14,54126810,146.35,147.11,145.63,AAPL
2021-08-05,147.06,46397670,146.98,147.84,146.17,AAPL
2021-08-04,146.95,56368270,147.27,147.79,146.28,AAPL
2021-08-03,147.36,64786620,145.81,148.045,145.18,AAPL
2021-08-02,145.52,62879960,146.36,146.95,145.25,AAPL
2021-07-30,145.86,70440630,144.38,146.33,144.11,AAPL
2021-07-29,145.64,56699480,144.685,146.55,144.58,AAPL
2021-07-28,144.98,118931200,144.81,146.97,142.54,AAPL
2021-07-27,146.77,104818600,149.12,149.21,145.55,AAPL
2021-07-26,148.99,72434090,148.27,149.83,147.7,AAPL
2021-07-23,148.56,71447420,147.55,148.7177,146.92,AAPL
2021-07-22,146.8,77338160,145.935,148.195,145.81,AAPL
2021-07-21,145.4,74993460,145.53,146.13,144.63,AAPL
2021-07-20,146.15,96350040,143.46,147.0997,142.96,AAPL
2021-07-19,142.45,121434600,143.75,144.07,141.67,AAPL
2021-07-16,146.39,93251430,148.46,149.76,145.88,AAPL
2021-07-15,148.48,106820300,149.24,150.0,147.09,AAPL
2021-07-14,149.15,127050800,148.1,149.57,147.68,AAPL
2021-07-13,145.64,100827100,144.03,147.46,143.63,AAPL
2021-07-12,144.5,76299720,146.21,146.32,144.0,AAPL
2021-07-09,145.11,99890800,142.75,145.65,142.6522,AAPL
2021-07-08,143.24,105575500,141.58,144.06,140.665,AAPL
2021-07-07,144.57,104911600,143.535,144.89,142.66,AAPL
2021-07-06,142.02,108181800,140.07,143.15,140.07,AAPL
2021-07-02,139.96,78945570,137.9,140.0,137.745,AAPL
2021-07-01,137.27,52485780,136.6,137.33,135.76,AAPL
2021-06-30,136.96,63261390,136.17,137.41,135.87,AAPL
2021-06-29,136.33,64556080,134.8,136.49,134.35,AAPL
2021-06-28,134.78,62111300,133.41,135.245,133.35,AAPL
2021-06-25,133.11,70783750,133.46,133.89,132.81,AAPL
2021-06-24,133.41,68711000,134.45,134.64,132.93,AAPL
2021-06-23,133.7,60214200,133.77,134.32,133.23,AAPL
2021-06-22,133.98,74783620,132.13,134.08,131.62,AAPL
2021-06-21,132.3,79663320,130.3,132.41,129.21,AAPL
2021-06-18,130.46,108953300,130.71,131.51,130.24,AAPL
2021-06-17,131.79,96721670,129.8,132.55,129.65,AAPL
2021-06-16,130.15,91815030,130.37,130.89,128.461,AAPL
2021-06-15,129.64,62746330,129.94,130.6,129.39,AAPL
2021-06-14,130.48,96906490,127.82,130.54,127.07,AAPL
2021-06-11,127.35,53522370,126.53,127.44,126.1,AAPL
2021-06-10,126.11,71186420,127.02,128.19,125.94,AAPL
2021-06-09,127.13,56877940,127.21,127.75,126.52,AAPL
2021-06-08,126.74,74403770,126.6,128.46,126.2101,AAPL
2021-06-07,125.9,71057550,126.17,126.32,124.8321,AAPL
2021-06-04,125.89,75169340,124.07,126.16,123.85,AAPL
2021-06-03,123.54,76229170,124.68,124.85,123.13,AAPL
2021-06-02,125.06,59278860,124.28,125.24,124.05,AAPL
2021-06-01,124.28,67637120,125.08,125.35,123.94,AAPL
2021-05-28,124.61,71311110,125.57,125.8,124.55,AAPL
2021-05-27,125.28,94625600,126.44,127.64,125.08,AAPL
2021-05-26,126.85,56575920,126.955,127.39,126.42,AAPL
2021-05-25,126.9,72009480,127.82,128.32,126.32,AAPL
2021-05-24,127.1,63092950,126.01,127.94,125.94,AAPL
2021-05-21,125.43,79295440,127.82,128.0,125.21,AAPL
2021-05-20,127.31,76857120,125.23,127.72,125.1,AAPL
2021-05-19,124.69,92611990,123.16,124.915,122.86,AAPL
2021-05-18,124.85,63342930,126.56,126.99,124.78,AAPL
2021-05-17,126.27,74116550,126.82,126.93,125.17,AAPL
2021-05-14,127.45,81917950,126.25,127.89,125.85,AAPL
2021-05-13,124.97,105861300,124.58,126.15,124.26,AAPL
2021-05-12,122.77,112172300,123.4,124.64,122.25,AAPL
2021-05-11,125.91,126142800,123.5,126.27,122.77,AAPL
2021-05-10,126.85,88071230,129.41,129.54,126.81,AAPL
2021-05-07,130.21,78973270,130.85,131.2582,129.475,AAPL
2021-05-06,129.74,78128330,127.89,129.75,127.13,AAPL
2021-05-05,128.1,84000900,129.2,130.45,127.97,AAPL
2021-05-04,127.85,137564700,131.19,131.4899,126.7,AAPL
2021-05-03,132.54,75135100,132.04,134.07,131.83,AAPL
2021-04-30,131.46,109839500,131.78,133.56,131.065,AAPL
2021-04-29,133.48,151101000,136.47,137.07,132.45,AAPL
2021-04-28,133.58,107760100,134.31,135.02,133.08,AAPL
2021-04-27,134.39,66015800,135.01,135.41,134.11,AAPL
2021-04-26,134.72,66905070,134.83,135.06,133.56,AAPL
2021-04-23,134.32,78756780,132.16,135.12,132.16,AAPL
2021-04-22,131.94,84566460,133.04,134.15,131.41,AAPL
2021-04-21,133.5,68847140,132.36,133.75,131.3001,AAPL
2021-04-20,133.11,94812350,135.02,135.53,131.81,AAPL
2021-04-19,134.84,94264220,133.51,135.47,133.34,AAPL
2021-04-16,134.16,84922390,134.3,134.67,133.28,AAPL
2021-04-15,134.5,89347100,133.82,135.0,133.64,AAPL
2021-04-14,132.03,87222780,134.94,135.0,131.655,AAPL
2021-04-13,134.43,91266550,132.44,134.66,131.93,AAPL
2021-04-12,131.24,91419980,132.52,132.85,130.63,AAPL
2021-04-09,132.995,106686700,129.8,133.04,129.47,AAPL
2021-04-08,130.36,88844590,128.95,130.39,128.52,AAPL
2021-04-07,127.9,83466720,125.83,127.92,125.14,AAPL
2021-04-06,126.21,80171250,126.5,127.13,125.65,AAPL
2021-04-05,125.9,88651180,123.87,126.1601,123.07,AAPL
2021-04-01,123.0,75089130,123.66,124.18,122.49,AAPL
2021-03-31,122.15,118323800,121.65,123.52,121.15,AAPL
2021-03-30,119.9,85671920,120.11,120.4031,118.86,AAPL
2021-03-29,121.39,80819200,121.65,122.58,120.7299,AAPL
2021-03-26,121.21,94071230,120.35,121.48,118.92,AAPL
2021-03-25,120.59,98844680,119.54,121.66,119.0,AAPL
2021-03-24,120.09,88530490,122.82,122.9,120.065,AAPL
2021-03-23,122.54,95467140,123.33,124.24,122.14,AAPL
2021-03-22,123.39,111912300,120.33,123.87,120.26,AAPL
2021-03-19,119.99,185549500,119.9,121.43,119.675,AAPL
2021-03-18,120.53,121469800,122.88,123.18,120.32,AAPL
2021-03-17,124.76,111932600,124.05,125.8599,122.336,AAPL
2021-03-16,125.57,115227900,125.7,127.22,124.715,AAPL
2021-03-15,123.99,92590560,121.41,124.0,120.42,AAPL
2021-03-12,121.03,88105050,120.4,121.17,119.16,AAPL
2021-03-11,121.96,103026500,122.54,123.21,121.26,AAPL
2021-03-10,119.98,111943300,121.69,122.17,119.45,AAPL
2021-03-09,121.085,129525800,119.03,122.06,118.79,AAPL
2021-03-08,116.36,154376600,120.93,121.0,116.21,AAPL
2021-03-05,121.42,153766600,120.98,121.935,117.57,AAPL
2021-03-04,120.13,178155000,121.75,123.6,118.62,AAPL
2021-03-03,122.06,112966300,124.81,125.71,121.84,AAPL
2021-03-02,125.12,102260900,128.41,128.72,125.01,AAPL
2021-03-01,127.79,116307900,123.75,127.93,122.79,AAPL
2021-02-26,121.26,164560400,122.59,124.85,121.2,AAPL
2021-02-25,120.99,148199500,124.68,126.4585,120.54,AAPL
2021-02-24,125.35,111039900,124.94,125.56,122.23,AAPL
2021-02-23,125.86,158273000,123.76,126.71,118.39,AAPL
2021-02-22,126.0,103916400,128.01,129.72,125.6,AAPL
2021-02-19,129.87,87668830,130.24,130.71,128.8,AAPL
2021-02-18,129.71,96856750,129.2,129.995,127.41,AAPL
2021-02-17,130.84,98085250,131.25,132.22,129.47,AAPL
2021-02-16,133.19,80576320,135.49,136.01,132.79,AAPL
2021-02-12,135.37,60145130,134.35,135.53,133.6921,AAPL
2021-02-11,135.13,64280030,135.9,136.39,133.77,AAPL
2021-02-10,135.39,73046560,136.48,136.99,134.4,AAPL
2021-02-09,136.01,76774210,136.62,137.877,135.85,AAPL
2021-02-08,136.91,71297210,136.03,136.96,134.92,AAPL
2021-02-05,136.76,75693830,137.35,137.42,135.86,AAPL
2021-02-04,137.39,84183060,136.3,137.4,134.59,AAPL
2021-02-03,133.94,89880940,135.76,135.77,133.61,AAPL
2021-02-02,134.99,83305370,135.73,136.31,134.61,AAPL
2021-02-01,134.14,106239800,133.75,135.38,130.93,AAPL
2021-01-29,131.96,177523800,135.83,136.74,130.21,AAPL
2021-01-28,137.09,142621100,139.52,141.99,136.7,AAPL
2021-01-27,142.06,140843800,143.43,144.3,140.41,AAPL
2021-01-26,143.16,98390560,143.6,144.3,141.37,AAPL
2021-01-25,142.92,157611700,143.07,145.09,136.54,AAPL
2021-01-22,139.07,114459400,136.28,139.85,135.02,AAPL
2021-01-21,136.87,120529500,133.8,139.67,133.59,AAPL
2021-01-20,132.03,104319500,128.66,132.49,128.55,AAPL
2021-01-19,127.83,90757330,127.78,128.71,126.938,AAPL
2021-01-15,127.14,111598500,128.78,130.2242,127.0,AAPL
2021-01-14,128.91,90221760,130.8,131.0,128.76,AAPL
2021-01-13,130.89,88636830,128.76,131.45,128.49,AAPL
2021-01-12,128.8,91951150,128.5,129.69,126.86,AAPL
2021-01-11,128.98,100620900,129.19,130.17,128.5,AAPL
2021-01-08,132.05,105158200,132.43,132.63,130.23,AAPL
2021-01-07,130.92,109578200,128.36,131.63,127.86,AAPL
2021-01-06,126.6,155088000,127.72,131.0499,126.382,AAPL
2021-01-05,131.01,97664900,128.89,131.74,128.43,AAPL
2021-01-04,129.41,143301900,133.52,133.6116,126.76,AAPL
2020-12-31,132.69,99116590,134.08,134.74,131.72,AAPL
2020-12-30,133.72,96452120,135.58,135.99,133.4,AAPL
2020-12-29,134.87,121047300,138.05,138.789,134.3409,AAPL
2020-12-28,136.69,124486200,133.99,137.34,133.51,AAPL
2020-12-24,131.97,54930060,131.32,133.46,131.1,AAPL
2020-12-23,130.96,88223690,132.16,132.43,130.78,AAPL
2020-12-22,131.88,169351800,131.61,134.405,129.65,AAPL
2020-12-21,128.23,121251600,125.02,128.31,123.449,AAPL
2020-12-18,126.655,192541500,128.96,129.1,126.12,AAPL
2020-12-17,128.7,94359810,128.9,129.58,128.045,AAPL
2020-12-16,127.81,98208590,127.41,128.37,126.56,AAPL
2020-12-15,127.88,157572300,124.34,127.9,124.13,AAPL
2020-12-14,121.78,79075990,122.6,123.35,121.54,AAPL
2020-12-11,122.41,86939790,122.43,122.76,120.55,AAPL
2020-12-10,123.24,81312170,120.5,123.87,120.15,AAPL
2020-12-09,121.78,115089200,124.53,125.95,121.0,AAPL
2020-12-08,124.38,82225510,124.37,124.98,123.09,AAPL
2020-12-07,123.75,86711990,122.31,124.57,122.25,AAPL
2020-12-04,122.25,78260420,122.6,122.8608,121.52,AAPL
2020-12-03,122.94,78967630,123.52,123.78,122.21,AAPL
2020-12-02,123.08,89004200,122.02,123.37,120.89,AAPL
2020-12-01,122.72,128166800,121.01,123.4693,120.01,AAPL
2020-11-30,119.05,169410200,116.97,120.97,116.81,AAPL
2020-11-27,116.59,46691330,116.57,117.49,116.22,AAPL
2020-11-25,116.03,76499230,115.55,116.75,115.17,AAPL
2020-11-24,115.17,113874200,113.91,115.85,112.59,AAPL
2020-11-23,113.85,127959300,117.18,117.6202,113.75,AAPL
2020-11-20,117.34,73604290,118.64,118.77,117.29,AAPL
2020-11-19,118.64,74112970,117.59,119.06,116.81,AAPL
2020-11-18,118.03,76322110,118.61,119.82,118.0,AAPL
2020-11-17,119.39,74270970,119.55,120.6741,118.96,AAPL
2020-11-16,120.3,91183020,118.92,120.99,118.146,AAPL
2020-11-13,119.26,81688590,119.44,119.6717,117.87,AAPL
2020-11-12,119.21,103350700,119.62,120.53,118.57,AAPL
2020-11-11,119.49,112295000,117.19,119.63,116.44,AAPL
2020-11-10,115.97,138023400,115.55,117.59,114.13,AAPL
2020-11-09,116.32,154515300,120.5,121.99,116.05,AAPL
2020-11-06,118.69,114457900,118.32,119.2,116.13,AAPL
2020-11-05,119.03,126387100,117.95,119.62,116.8686,AAPL
2020-11-04,114.95,138235500,114.14,115.59,112.35,AAPL
2020-11-03,110.44,107624400,109.66,111.49,108.73,AAPL
2020-11-02,108.77,122866900,109.11,110.68,107.32,AAPL
2020-10-30,108.86,190573500,111.06,111.99,107.72,AAPL
2020-10-29,115.32,146129200,112.37,116.93,112.2,AAPL
2020-10-28,111.2,143937800,115.05,115.43,111.1,AAPL
2020-10-27,116.6,92276770,115.49,117.28,114.5399,AAPL
2020-10-26,115.05,111850700,114.01,116.55,112.88,AAPL
2020-10-23,115.04,82572650,116.39,116.55,114.28,AAPL
2020-10-22,115.75,101988000,117.45,118.04,114.59,AAPL
2020-10-21,116.87,89945980,116.67,118.705,116.45,AAPL
2020-10-20,117.51,124423700,116.2,118.98,115.63,AAPL
2020-10-19,115.98,120639300,119.96,120.419,115.66,AAPL
2020-10-16,119.02,115393800,121.28,121.548,118.81,AAPL
2020-10-15,120.71,112559200,118.72,121.2,118.15,AAPL
2020-10-14,121.19,151062300,121.0,123.03,119.62,AAPL
2020-10-13,121.1,262330500,125.27,125.39,119.65,AAPL
2020-10-12,124.4,240226800,120.06,125.18,119.2845,AAPL
2020-10-09,116.97,100506900,115.28,117.0,114.92,AAPL
2020-10-08,114.97,83477150,116.25,116.4,114.5901,AAPL
2020-10-07,115.08,96848990,114.62,115.55,114.13,AAPL
2020-10-06,113.16,161498200,115.7,116.12,112.25,AAPL
2020-10-05,116.5,106243800,113.91,116.65,113.55,AAPL
2020-10-02,113.02,144712000,112.89,115.37,112.22,AAPL
2020-10-01,116.79,116120400,117.64,117.72,115.83,AAPL
2020-09-30,115.81,142675200,113.79,117.26,113.62,AAPL
2020-09-29,114.09,100060500,114.55,115.31,113.57,AAPL
2020-09-28,114.96,137672400,115.01,115.32,112.78,AAPL
2020-09-25,112.28,149981400,108.43,112.44,107.67,AAPL
2020-09-24,108.22,167743300,105.17,110.25,105.0,AAPL
2020-09-23,107.12,150718700,111.62,112.11,106.77,AAPL
2020-09-22,111.81,183055400,112.68,112.86,109.16,AAPL
2020-09-21,110.08,195713800,104.54,110.19,103.1,AAPL
2020-09-18,106.84,287104900,110.4,110.88,106.09,AAPL
2020-09-17,110.34,178011000,109.72,112.2,108.71,AAPL
2020-09-16,112.13,155026700,115.23,116.0,112.04,AAPL
2020-09-15,115.54,184642000,118.33,118.829,113.61,AAPL
2020-09-14,115.355,140150100,114.72,115.93,112.8,AAPL
2020-09-11,112.0,180860300,114.57,115.23,110.0,AAPL
2020-09-10,113.49,182274400,120.36,120.5,112.5,AAPL
2020-09-09,117.32,176940500,117.26,119.14,115.26,AAPL
2020-09-08,112.82,231366600,113.95,118.99,112.68,AAPL
2020-09-04,120.96,332607200,120.07,123.7,110.89,AAPL
2020-09-03,120.88,257599600,126.91,128.84,120.5,AAPL
2020-09-02,131.4,200119000,137.59,137.98,127.0,AAPL
2020-09-01,134.18,152470100,132.76,134.8,130.53,AAPL
2020-08-31,129.04,225702700,127.58,131.0,126.0,AAPL
2020-08-28,124.8075,187629920,126.0125,126.4425,124.5775,AAPL
2020-08-27,125.01,155552400,127.1425,127.485,123.8325,AAPL
2020-08-26,126.5225,163022280,126.1793,126.9925,125.0825,AAPL
2020-08-25,124.825,211495800,124.6975,125.1793,123.0525,AAPL
2020-08-24,125.8575,345937760,128.6975,128.785,123.9363,AAPL
2020-08-21,124.37,338054640,119.2625,124.868,119.25,AAPL
2020-08-20,118.275,126907200,115.75,118.392,115.7334,AAPL
2020-08-19,115.7075,145538000,115.9833,117.1625,115.61,AAPL
2020-08-18,115.5625,105633560,114.3525,116.0,114.0075,AAPL
